<!DOCTYPE PATCH  SYSTEM "http://vvvv.org/versions/vvvv50beta35.8.dtd" >
   <PATCH nodename="D:\GIT\Reizdarm\VVVV\subpatches\control_bowelmovement.v4p" systemname="control_bowelmovement" filename="C:\GIT\Reizdarm\VVVV\subpatches\control_bowelmovement.v4p" scrollx="0" scrolly="5130">
   <NODE systemname="Integrate (Differential)" filename="" nodename="Integrate (Differential)" componentmode="Hidden" id="0">
   <BOUNDS type="Node" left="3292" top="5788" width="100" height="100">
   </BOUNDS>
   <BOUNDS type="Box" left="3292" top="5788" width="1600" height="1600">
   </BOUNDS>
   <PIN pinname="Position Out" visible="1">
   </PIN>
   <PIN pinname="Position In" slicecount="1" visible="1" values="0.003">
   </PIN>
   </NODE>
   <NODE systemname="LFO (Animation)" nodename="LFO (Animation)" componentmode="Hidden" id="1">
   <BOUNDS type="Node" left="3084" top="1828" width="100" height="100">
   </BOUNDS>
   <PIN pinname="Change" visible="1">
   </PIN>
   <PIN pinname="Period" visible="1">
   </PIN>
   <PIN pinname="Output" visible="1">
   </PIN>
   <PIN pinname="Pause" visible="1">
   </PIN>
   </NODE>
   <NODE systemname="Random (Value)" nodename="Random (Value)" componentmode="Hidden" id="2">
   <BOUNDS type="Node" left="4292" top="2196" width="100" height="100">
   </BOUNDS>
   <PIN pinname="Enabled" visible="1">
   </PIN>
   <PIN pinname="Output" visible="1">
   </PIN>
   </NODE>
   <NODE systemname="Toggle (Animation)" nodename="Toggle (Animation)" componentmode="Hidden" id="3">
   <BOUNDS type="Node" left="3356" top="2340" width="100" height="100">
   </BOUNDS>
   <PIN pinname="Input" visible="1" slicecount="1" values="0">
   </PIN>
   <PIN pinname="Output" visible="1">
   </PIN>
   </NODE>
   <NODE systemname="Map (Value)" nodename="Map (Value)" componentmode="Hidden" id="4">
   <BOUNDS type="Node" left="4292" top="2548" width="100" height="100">
   </BOUNDS>
   <PIN pinname="Input" visible="1">
   </PIN>
   <PIN pinname="Destination Minimum" slicecount="1" visible="1" values="0.5">
   </PIN>
   <PIN pinname="Destination Maximum" slicecount="1" visible="1" values="2">
   </PIN>
   <PIN pinname="Output" visible="1">
   </PIN>
   </NODE>
   <NODE systemname="Multiply (Value)" nodename="Multiply (Value)" componentmode="Hidden" id="5">
   <BOUNDS type="Node" left="3308" top="5324" width="100" height="100">
   </BOUNDS>
   <PIN pinname="Input 1" visible="1" slicecount="1" values="0">
   </PIN>
   <PIN pinname="Output" visible="1">
   </PIN>
   <PIN pinname="Input 2" slicecount="1" visible="1" values="0.08">
   </PIN>
   </NODE>
   <NODE nodename="IOBox (Value Advanced)" componentmode="InABox" id="6" systemname="IOBox (Value Advanced)">
   <BOUNDS type="Box" left="5132" top="1996" width="696" height="208">
   </BOUNDS>
   <BOUNDS type="Node" left="5132" top="1996" width="0" height="0">
   </BOUNDS>
   <PIN pinname="Y Input Value" slicecount="1" visible="1" values="3">
   </PIN>
   <PIN pinname="Units" slicecount="1" values="||">
   </PIN>
   <PIN pinname="Precision" slicecount="1" values="4">
   </PIN>
   </NODE>
   <NODE nodename="IOBox (Value Advanced)" componentmode="InABox" id="7" systemname="IOBox (Value Advanced)">
   <BOUNDS type="Box" left="4716" top="1692" width="696" height="208">
   </BOUNDS>
   <BOUNDS type="Node" left="4716" top="1692" width="0" height="0">
   </BOUNDS>
   <PIN pinname="Y Input Value" slicecount="1" visible="1" values="1">
   </PIN>
   <PIN pinname="Units" slicecount="1" values="||">
   </PIN>
   <PIN pinname="Precision" slicecount="1" values="4">
   </PIN>
   </NODE>
   <NODE systemname="Oscillator (Animation)" nodename="Oscillator (Animation)" componentmode="Hidden" id="8">
   <BOUNDS type="Node" left="4108" top="6900" width="100" height="100">
   </BOUNDS>
   <PIN pinname="Go To Position" visible="1">
   </PIN>
   <PIN pinname="Position Out" visible="1">
   </PIN>
   <PIN pinname="Cyclics / second" slicecount="1" visible="1" values="0.67">
   </PIN>
   <PIN pinname="FilterTime" slicecount="1" visible="1" values="10.01">
   </PIN>
   <PIN pinname="Velocity Out" visible="1">
   </PIN>
   </NODE>
   <NODE nodename="IOBox (Value Advanced)" componentmode="InABox" id="9" systemname="IOBox (Value Advanced)">
   <BOUNDS type="Box" left="4244" top="6276" width="696" height="208">
   </BOUNDS>
   <BOUNDS type="Node" left="4244" top="6276" width="0" height="0">
   </BOUNDS>
   <PIN pinname="Y Input Value" slicecount="1" visible="1" values="10.01">
   </PIN>
   <PIN pinname="Units" slicecount="1" values="s">
   </PIN>
   <PIN pinname="Precision" slicecount="1" values="4">
   </PIN>
   </NODE>
   <NODE nodename="IOBox (Value Advanced)" componentmode="InABox" id="10" systemname="IOBox (Value Advanced)">
   <BOUNDS type="Box" left="4556" top="6572" width="696" height="208">
   </BOUNDS>
   <BOUNDS type="Node" left="4556" top="6572" width="0" height="0">
   </BOUNDS>
   <PIN pinname="Y Input Value" slicecount="1" visible="1" values="0.67">
   </PIN>
   <PIN pinname="Units" slicecount="1" values="||">
   </PIN>
   <PIN pinname="Precision" slicecount="1" values="4">
   </PIN>
   </NODE>
   <NODE nodename="IOBox (Value Advanced)" componentmode="InABox" id="11" systemname="IOBox (Value Advanced)">
   <BOUNDS type="Box" left="3596" top="1196" width="696" height="208">
   </BOUNDS>
   <BOUNDS type="Node" left="3596" top="1196" width="0" height="0">
   </BOUNDS>
   <PIN pinname="Y Input Value" slicecount="3" visible="1" values="1.23114898540545,1.41222169257235,1.40504340128973">
   </PIN>
   <PIN pinname="Units" slicecount="1" values="s">
   </PIN>
   <PIN pinname="Precision" slicecount="1" values="4">
   </PIN>
   </NODE>
   <NODE nodename="IOBox (Value Advanced)" componentmode="InABox" id="13" systemname="IOBox (Value Advanced)">
   <BOUNDS type="Box" left="3220" top="388" width="480" height="480">
   </BOUNDS>
   <BOUNDS type="Node" left="3220" top="388" width="0" height="0">
   </BOUNDS>
   <PIN pinname="Y Input Value" slicecount="1" visible="1" values="0">
   </PIN>
   <PIN pinname="Units" slicecount="1" values="||">
   </PIN>
   <PIN pinname="Precision" slicecount="1" values="4">
   </PIN>
   <PIN pinname="Value Type" slicecount="1" values="Boolean">
   </PIN>
   <PIN pinname="Behavior" slicecount="1" values="Toggle">
   </PIN>
   <PIN pinname="SliceCount Mode" slicecount="1" values="ColsRowsPages">
   </PIN>
   <PIN pinname="Rows" slicecount="1" values="1">
   </PIN>
   <PIN pinname="X Input Value" slicecount="1" values="0">
   </PIN>
   <PIN pinname="Descriptive Name" slicecount="1" values="Pause">
   </PIN>
   </NODE>
   <NODE systemname="AvoidNIL (Spreads)" filename="%VVVV%\lib\nodes\modules\Spreads\AvoidNIL (Spreads).v4p" nodename="AvoidNIL (Spreads)" componentmode="Hidden" id="14">
   <BOUNDS type="Node" left="4308" top="3388" width="100" height="100">
   </BOUNDS>
   <PIN pinname="Output" visible="1">
   </PIN>
   </NODE>
   <NODE systemname="FrameDelay (Value)" filename="%VVVV%\lib\nodes\plugins\VVVV.Nodes.dll" nodename="FrameDelay (Value)" componentmode="Hidden" id="15">
   <BOUNDS type="Node" left="4372" top="3076" width="100" height="100">
   </BOUNDS>
   <BOUNDS type="Box" left="4372" top="3076" width="1600" height="1600">
   </BOUNDS>
   </NODE>
   <NODE nodename="IOBox (Value Advanced)" componentmode="InABox" id="17" systemname="IOBox (Value Advanced)">
   <BOUNDS type="Box" left="3900" top="4932" width="696" height="208">
   </BOUNDS>
   <BOUNDS type="Node" left="3900" top="4932" width="0" height="0">
   </BOUNDS>
   <PIN pinname="Y Input Value" slicecount="1" visible="1" values="0.34">
   </PIN>
   <PIN pinname="Units" slicecount="1" values="||">
   </PIN>
   <PIN pinname="Precision" slicecount="1" values="4">
   </PIN>
   <PIN pinname="Descriptive Name" slicecount="1" values="bowel_speed">
   </PIN>
   </NODE>
   <NODE systemname="FrameVelocity (Animation)" nodename="FrameVelocity (Animation)" componentmode="Hidden" id="18">
   <BOUNDS type="Node" left="1250" top="6444" width="100" height="100">
   </BOUNDS>
   <PIN pinname="Position" visible="1">
   </PIN>
   <PIN pinname="Velocity" visible="1">
   </PIN>
   </NODE>
   <NODE systemname="GT (Value)" nodename="GT (Value)" componentmode="Hidden" id="20">
   <BOUNDS type="Node" left="1348" top="7260" width="100" height="100">
   </BOUNDS>
   <PIN pinname="Input 1" visible="1">
   </PIN>
   <PIN pinname="Input 2" visible="1">
   </PIN>
   <PIN pinname="Output" visible="1">
   </PIN>
   </NODE>
   <NODE nodename="IOBox (Value Advanced)" componentmode="InABox" id="21" systemname="IOBox (Value Advanced)">
   <BOUNDS type="Box" left="1660" top="6908" width="696" height="208">
   </BOUNDS>
   <BOUNDS type="Node" left="1660" top="6908" width="0" height="0">
   </BOUNDS>
   <PIN pinname="Y Input Value" slicecount="1" visible="1" values="0.09">
   </PIN>
   <PIN pinname="Units" slicecount="1" values="||">
   </PIN>
   <PIN pinname="Precision" slicecount="1" values="4">
   </PIN>
   <PIN pinname="Descriptive Name" slicecount="1" values="threshold">
   </PIN>
   </NODE>
   <NODE systemname="TogEdge (Animation)" nodename="TogEdge (Animation)" componentmode="Hidden" id="22">
   <BOUNDS type="Node" left="1350" top="7636" width="100" height="100">
   </BOUNDS>
   <PIN pinname="Input" visible="1" slicecount="1" values="0">
   </PIN>
   <PIN pinname="Up Edge" visible="1">
   </PIN>
   <PIN pinname="Down Edge" visible="1">
   </PIN>
   </NODE>
   <NODE systemname="S (Value)" nodename="S (Value)" componentmode="Hidden" id="23">
   <BOUNDS type="Node" left="1316" top="8516" width="100" height="100">
   </BOUNDS>
   <PIN pinname="Send String" slicecount="1" values="bowel_accelertage">
   </PIN>
   <PIN pinname="Input Value" visible="1">
   </PIN>
   </NODE>
   <NODE systemname="S (Value)" nodename="S (Value)" componentmode="Hidden" id="24">
   <BOUNDS type="Node" left="1980" top="8156" width="100" height="100">
   </BOUNDS>
   <PIN pinname="Send String" slicecount="1" values="bowel_stop">
   </PIN>
   <PIN pinname="Input Value" visible="1" slicecount="1" values="0">
   </PIN>
   </NODE>
   <LINK srcnodeid="0" srcpinname="Position Out" dstnodeid="18" dstpinname="Position">
   </LINK>
   <LINK srcnodeid="21" srcpinname="Y Output Value" dstnodeid="20" dstpinname="Input 2">
   </LINK>
   <LINK srcnodeid="11" srcpinname="Y Output Value" dstnodeid="1" dstpinname="Period">
   </LINK>
   <LINK srcnodeid="13" srcpinname="Y Output Value" dstnodeid="1" dstpinname="Pause">
   </LINK>
   <LINK srcnodeid="14" srcpinname="Output" dstnodeid="11" dstpinname="Y Input Value">
   <LINKPOINT x="4416" y="3800">
   </LINKPOINT>
   <LINKPOINT x="5552" y="3816">
   </LINKPOINT>
   <LINKPOINT x="5664" y="992">
   </LINKPOINT>
   <LINKPOINT x="3752" y="1016">
   </LINKPOINT>
   </LINK>
   <LINK srcnodeid="5" srcpinname="Output" dstnodeid="0" dstpinname="Position In">
   </LINK>
   <LINK srcnodeid="1" srcpinname="Change" dstnodeid="3" dstpinname="Input">
   </LINK>
   <LINK srcnodeid="3" srcpinname="Output" dstnodeid="5" dstpinname="Input 1">
   </LINK>
   <LINK srcnodeid="17" srcpinname="Y Output Value" dstnodeid="5" dstpinname="Input 2">
   </LINK>
   <LINK srcnodeid="0" srcpinname="Position Out" dstnodeid="8" dstpinname="Go To Position">
   </LINK>
   <LINK srcnodeid="9" srcpinname="Y Output Value" dstnodeid="8" dstpinname="FilterTime">
   </LINK>
   <LINK srcnodeid="10" srcpinname="Y Output Value" dstnodeid="8" dstpinname="Cyclics / second">
   </LINK>
   <NODE id="27" systemname="IOBox (Value Advanced)" componentmode="InABox" nodename="IOBox (Value Advanced)">
   <PIN pinname="Descriptive Name" slicecount="1" values="|Position Out|">
   </PIN>
   <BOUNDS type="Box" left="4068" top="8388" width="750" height="240">
   </BOUNDS>
   <BOUNDS type="Node" left="4068" top="8388" width="750" height="240">
   </BOUNDS>
   </NODE>
   <LINK srcnodeid="8" srcpinname="Position Out" dstnodeid="27" dstpinname="Y Input Value">
   </LINK>
   <LINK srcnodeid="1" srcpinname="Change" dstnodeid="2" dstpinname="Enabled">
   </LINK>
   <LINK srcnodeid="2" srcpinname="Output" dstnodeid="4" dstpinname="Input">
   </LINK>
   <LINK srcnodeid="7" srcpinname="Y Output Value" dstnodeid="4" dstpinname="Destination Minimum">
   </LINK>
   <LINK srcnodeid="6" srcpinname="Y Output Value" dstnodeid="4" dstpinname="Destination Maximum">
   </LINK>
   <LINK srcnodeid="15" srcpinname="Output 1" dstnodeid="14" dstpinname="Input">
   </LINK>
   <LINK srcnodeid="4" srcpinname="Output" dstnodeid="15" dstpinname="Input 1">
   </LINK>
   <BOUNDS type="Window" left="6990" top="1610" width="12590" height="8290">
   </BOUNDS>
   <PACK Name="addonpack" Version="35.0.0">
   </PACK>
   <NODE systemname="S (Value)" nodename="S (Value)" componentmode="Hidden" id="28">
   <BOUNDS type="Node" left="1600" top="2880" width="100" height="100">
   </BOUNDS>
   <PIN pinname="Input Value" visible="1">
   </PIN>
   <PIN pinname="Send String" slicecount="1" values="bowel_isMoving">
   </PIN>
   </NODE>
   <LINK srcnodeid="3" srcpinname="Output" dstnodeid="28" dstpinname="Input Value">
   </LINK>
   <NODE systemname="S (Value)" nodename="S (Value)" componentmode="Hidden" id="29">
   <BOUNDS type="Node" left="4360" top="7688" width="100" height="100">
   </BOUNDS>
   <PIN pinname="Send String" slicecount="1" values="bowel_velocity">
   </PIN>
   <PIN pinname="Input Value" visible="1">
   </PIN>
   </NODE>
   <LINK srcnodeid="18" srcpinname="Velocity" dstnodeid="20" dstpinname="Input 1">
   </LINK>
   <PACK Name="dx11" Version="1.0.2">
   </PACK>
   <NODE systemname="FrameDifference (Animation)" nodename="FrameDifference (Animation)" componentmode="Hidden" id="30">
   <BOUNDS type="Node" left="4344" top="7336" width="100" height="100">
   </BOUNDS>
   <PIN pinname="Input" visible="1" slicecount="1" values="65.8213991100258">
   </PIN>
   <PIN pinname="Output" visible="1">
   </PIN>
   </NODE>
   <LINK srcnodeid="8" srcpinname="Position Out" dstnodeid="30" dstpinname="Input">
   </LINK>
   <LINK srcnodeid="30" srcpinname="Output" dstnodeid="29" dstpinname="Input Value">
   </LINK>
   <LINK srcnodeid="20" srcpinname="Output" dstnodeid="22" dstpinname="Input">
   </LINK>
   <NODE systemname="R (Value)" nodename="R (Value)" componentmode="Hidden" id="31">
   <BOUNDS type="Node" left="3956" top="3906" width="100" height="100">
   </BOUNDS>
   <PIN pinname="Receive String" slicecount="1" values="kinect_activity">
   </PIN>
   <PIN pinname="Input Value" visible="1">
   </PIN>
   </NODE>
   <NODE systemname="Map (Value)" nodename="Map (Value)" componentmode="Hidden" id="32">
   <BOUNDS type="Node" left="3928" top="4576" width="100" height="100">
   </BOUNDS>
   <PIN pinname="Input" visible="1" slicecount="1" values="0">
   </PIN>
   <PIN pinname="Output" visible="1">
   </PIN>
   <PIN pinname="Destination Minimum" slicecount="1" values="0.05">
   </PIN>
   <PIN pinname="Destination Maximum" slicecount="1" values="0.2">
   </PIN>
   <PIN pinname="Mapping" slicecount="1" values="Clamp">
   </PIN>
   </NODE>
   <LINK srcnodeid="32" srcpinname="Output" dstnodeid="17" dstpinname="Y Input Value">
   </LINK>
   <NODE nodename="IOBox (Value Advanced)" componentmode="InABox" id="33">
   <BOUNDS type="Box" left="3940" top="4220" width="800" height="240">
   </BOUNDS>
   <BOUNDS type="Node" left="3940" top="4220" width="0" height="0">
   </BOUNDS>
   <PIN pinname="Y Input Value" slicecount="1" visible="1" values="0.5">
   </PIN>
   <PIN pinname="Units" slicecount="1" values="||">
   </PIN>
   <PIN pinname="Precision" slicecount="1" values="4">
   </PIN>
   </NODE>
   <LINK srcnodeid="33" srcpinname="Y Output Value" dstnodeid="32" dstpinname="Input">
   </LINK>
   <LINK srcnodeid="22" srcpinname="Up Edge" dstnodeid="23" dstpinname="Input Value">
   </LINK>
   <LINK srcnodeid="22" srcpinname="Down Edge" dstnodeid="24" dstpinname="Input Value">
   </LINK>
   <NODE systemname="Random (Value)" nodename="Random (Value)" componentmode="Hidden" id="39">
   <BOUNDS type="Node" left="2800" top="9710" width="100" height="100">
   </BOUNDS>
   <PIN pinname="Is Integer" slicecount="1" values="1">
   </PIN>
   <PIN pinname="Scale" slicecount="1" values="4">
   </PIN>
   <PIN pinname="Enabled" slicecount="1" visible="1" values="0">
   </PIN>
   <PIN pinname="Output" visible="1">
   </PIN>
   </NODE>
   <NODE systemname="EQ (Value)" nodename="EQ (Value)" componentmode="Hidden" id="40">
   <BOUNDS type="Node" left="2810" top="10190" width="100" height="100">
   </BOUNDS>
   <PIN pinname="Input 1" visible="1">
   </PIN>
   <PIN pinname="Output" visible="1">
   </PIN>
   </NODE>
   <LINK srcnodeid="39" srcpinname="Output" dstnodeid="40" dstpinname="Input 1">
   </LINK>
   <NODE systemname="S (Value)" nodename="S (Value)" componentmode="Hidden" id="41">
   <BOUNDS type="Node" left="2790" top="10590" width="100" height="100">
   </BOUNDS>
   <PIN pinname="Send String" slicecount="1" values="fx_doFart">
   </PIN>
   <PIN pinname="Input Value" visible="1">
   </PIN>
   </NODE>
   <LINK srcnodeid="40" srcpinname="Output" dstnodeid="41" dstpinname="Input Value">
   </LINK>
   <LINK srcnodeid="22" srcpinname="Up Edge" dstnodeid="39" dstpinname="Enabled">
   </LINK>
   <NODE nodename="IOBox (String)" componentmode="InABox" id="42">
   <BOUNDS type="Node" left="2630" top="9330" width="1170" height="230">
   </BOUNDS>
   <BOUNDS type="Box" left="2630" top="9330" width="1170" height="230">
   </BOUNDS>
   <PIN pinname="Input String" visible="0" slicecount="1" values="|fart sometimes|">
   </PIN>
   <PIN pinname="Output String" visible="0">
   </PIN>
   <PIN pinname="Show Grid" slicecount="1" values="0">
   </PIN>
   <PIN pinname="String Type" slicecount="1" values="MultiLine">
   </PIN>
   </NODE>
   </PATCH>