<!DOCTYPE PATCH  SYSTEM "http://vvvv.org/versions/vvvv50beta35.8.dtd" >
   <PATCH nodename="C:\GIT\Reizdarm\VVVV\subpatches\control_lights.v4p" systemname="control_lights" filename="C:\GIT\Reizdarm\VVVV\subpatches\control_lights.v4p" scrollx="0" scrolly="2008">
   <NODE id="13" systemname="IOBox (Color)" componentmode="InABox" nodename="IOBox (Color)">
   <PIN pinname="Descriptive Name" slicecount="1" values="|lights x8|">
   </PIN>
   <BOUNDS type="Box" left="3900" top="9156" width="1216" height="552">
   </BOUNDS>
   <BOUNDS type="Node" left="3900" top="9156" width="750" height="240">
   </BOUNDS>
   <PIN pinname="Color Input" visible="1">
   </PIN>
   </NODE>
   <BOUNDS type="Window" left="4528" top="88" width="10200" height="8296">
   </BOUNDS>
   <PACK Name="addonpack" Version="35.0.0">
   </PACK>
   <PACK Name="dx11" Version="1.0.2">
   </PACK>
   <NODE systemname="Pipet (DX11.Texture 2d)" filename="%VVVV%\packs\dx11\nodes\modules\Pipet\Pipet (DX11.Texture 2d).v4p" nodename="Pipet (DX11.Texture 2d)" componentmode="Hidden" id="183">
   <BOUNDS type="Node" left="4728" top="5040" width="100" height="100">
   </BOUNDS>
   <PIN pinname="XY" visible="1">
   </PIN>
   <PIN pinname="Color" visible="1">
   </PIN>
   <PIN pinname="Texture" visible="1">
   </PIN>
   <PIN pinname="UV Space" slicecount="1" values="0">
   </PIN>
   </NODE>
   <NODE systemname="GridSpread (Spreads 2d)" filename="%VVVV%\lib\nodes\modules\Spreads\GridSpread (Spreads 2d).v4p" nodename="GridSpread (Spreads 2d)" componentmode="Hidden" id="184" hiddenwhenlocked="1">
   <BOUNDS type="Node" left="6592" top="4872" width="100" height="100">
   </BOUNDS>
   <PIN pinname="XY" visible="1">
   </PIN>
   <PIN pinname="ResolutionXY" visible="1">
   </PIN>
   <PIN pinname="SizeXY" slicecount="2" visible="1" values="0.97,0.97">
   </PIN>
   </NODE>
   <LINK srcnodeid="184" srcpinname="XY" dstnodeid="183" dstpinname="XY" hiddenwhenlocked="1">
   </LINK>
   <NODE nodename="IOBox (Value Advanced)" componentmode="InABox" id="186" hiddenwhenlocked="1">
   <BOUNDS type="Box" left="7600" top="4288" width="336" height="384">
   </BOUNDS>
   <BOUNDS type="Node" left="7600" top="4288" width="0" height="0">
   </BOUNDS>
   <PIN pinname="Y Input Value" slicecount="2" visible="1" values="2,8">
   </PIN>
   <PIN pinname="Units" slicecount="1" values="||">
   </PIN>
   <PIN pinname="Precision" slicecount="1" values="4">
   </PIN>
   <PIN pinname="Value Type" slicecount="1" values="Integer">
   </PIN>
   <PIN pinname="Vector Size" slicecount="1" values="2">
   </PIN>
   <PIN pinname="Rows" slicecount="1" values="2">
   </PIN>
   </NODE>
   <LINK srcnodeid="186" srcpinname="Y Output Value" dstnodeid="184" dstpinname="ResolutionXY">
   </LINK>
   <NODE systemname="Renderer (DX11 TempTarget)" filename="%VVVV%\packs\dx11\nodes\plugins\base\VVVV.DX11.Nodes.dll" nodename="Renderer (DX11 TempTarget)" componentmode="Hidden" id="224">
   <BOUNDS type="Node" left="3408" top="4120" width="100" height="100">
   </BOUNDS>
   <BOUNDS type="Box" left="3408" top="4120" width="1600" height="1600">
   </BOUNDS>
   <PIN pinname="Layer" visible="1">
   </PIN>
   <PIN pinname="Buffers" visible="1">
   </PIN>
   </NODE>
   <LINK srcnodeid="224" srcpinname="Buffers" dstnodeid="183" dstpinname="Texture">
   </LINK>
   <NODE systemname="InputMorph (Color)" nodename="InputMorph (Color)" componentmode="Hidden" id="239">
   <BOUNDS type="Node" left="3904" top="8696" width="100" height="100">
   </BOUNDS>
   <PIN pinname="Input 2" visible="1">
   </PIN>
   <PIN pinname="Input 1" visible="1">
   </PIN>
   <PIN pinname="Output" visible="1">
   </PIN>
   <PIN pinname="Switch" slicecount="1" visible="1" values="0.02">
   </PIN>
   </NODE>
   <NODE systemname="Group (DX11.Layer)" filename="%VVVV%\packs\dx11\nodes\plugins\base\VVVV.DX11.Nodes.dll" nodename="Group (DX11.Layer)" componentmode="Hidden" id="294">
   <BOUNDS type="Node" left="3072" top="3416" width="100" height="100">
   </BOUNDS>
   <BOUNDS type="Box" left="3072" top="3416" width="1600" height="1600">
   </BOUNDS>
   <PIN pinname="Layer 1" visible="1" slicecount="1" values="||">
   </PIN>
   <PIN pinname="Layer 2" visible="1" slicecount="1" values="||">
   </PIN>
   <PIN pinname="Layer Out" visible="1">
   </PIN>
   </NODE>
   <LINK srcnodeid="294" srcpinname="Layer Out" dstnodeid="224" dstpinname="Layer">
   </LINK>
   <NODE systemname="texture_panningImpulse" filename="texture_panningImpulse.v4p" nodename="texture_panningImpulse.v4p" componentmode="InAWindow" id="334">
   <BOUNDS type="Node" left="4468" top="2643" width="0" height="0">
   </BOUNDS>
   <BOUNDS type="Box" left="1358" top="40" width="6220" height="10412">
   </BOUNDS>
   <BOUNDS type="Window" left="5888" top="192" width="10200" height="8296">
   </BOUNDS>
   <PIN pinname="trigger" visible="1" slicecount="1" values="0">
   </PIN>
   <PIN pinname="panning_impulse" visible="1">
   </PIN>
   <PIN pinname="lightImpulse" visible="1">
   </PIN>
   <PIN pinname="Output" visible="1">
   </PIN>
   </NODE>
   <LINK srcnodeid="334" srcpinname="Layer" dstnodeid="294" dstpinname="Layer 2">
   </LINK>
   <NODE systemname="texture_lights" filename="texture_lights.v4p" nodename="texture_lights.v4p" componentmode="Hidden" id="349">
   <BOUNDS type="Node" left="2672" top="2615" width="0" height="0">
   </BOUNDS>
   <BOUNDS type="Box" left="56" top="0" width="5968" height="8748">
   </BOUNDS>
   <BOUNDS type="Window" left="8640" top="2040" width="5968" height="8744">
   </BOUNDS>
   </NODE>
   <LINK srcnodeid="349" srcpinname="Layer" dstnodeid="294" dstpinname="Layer 1">
   </LINK>
   <NODE systemname="IOBox (Value Advanced)" nodename="IOBox (Value Advanced)" componentmode="InABox" id="371">
   <BOUNDS type="Node" left="2824" top="8408" width="100" height="100">
   </BOUNDS>
   <BOUNDS type="Box" left="2824" top="8408" width="696" height="208">
   </BOUNDS>
   <PIN pinname="Y Output Value" visible="1">
   </PIN>
   <PIN pinname="Y Input Value" slicecount="1" values="0">
   </PIN>
   <PIN pinname="Minimum" slicecount="1" values="0">
   </PIN>
   <PIN pinname="Maximum" slicecount="1" values="1">
   </PIN>
   <PIN pinname="Descriptive Name" slicecount="1" values="mode">
   </PIN>
   </NODE>
   <LINK srcnodeid="371" srcpinname="Y Output Value" dstnodeid="239" dstpinname="Switch">
   </LINK>
   <NODE systemname="IOBox (Value Advanced)" nodename="IOBox (Value Advanced)" componentmode="InABox" id="372">
   <BOUNDS type="Node" left="1816" top="968" width="100" height="100">
   </BOUNDS>
   <BOUNDS type="Box" left="1816" top="968" width="480" height="480">
   </BOUNDS>
   <PIN pinname="Value Type" slicecount="1" values="Boolean">
   </PIN>
   <PIN pinname="Behavior" slicecount="1" values="Toggle">
   </PIN>
   <PIN pinname="Y Output Value" visible="1">
   </PIN>
   <PIN pinname="X Input Value" slicecount="1" values="1">
   </PIN>
   <PIN pinname="Y Input Value" slicecount="1" values="1">
   </PIN>
   </NODE>
   <NODE nodename="IOBox (Value Advanced)" componentmode="InABox" id="373" hiddenwhenlocked="1">
   <BOUNDS type="Box" left="6560" top="4272" width="696" height="416">
   </BOUNDS>
   <BOUNDS type="Node" left="6560" top="4272" width="0" height="0">
   </BOUNDS>
   <PIN pinname="Y Input Value" slicecount="2" visible="1" values="0.97,-0.97">
   </PIN>
   <PIN pinname="Units" slicecount="1" values="||">
   </PIN>
   <PIN pinname="Precision" slicecount="1" values="4">
   </PIN>
   <PIN pinname="Vector Size" slicecount="1" values="2">
   </PIN>
   <PIN pinname="Rows" slicecount="1" values="2">
   </PIN>
   </NODE>
   <LINK srcnodeid="373" srcpinname="Y Output Value" dstnodeid="184" dstpinname="SizeXY">
   </LINK>
   <LINK srcnodeid="239" srcpinname="Output" dstnodeid="13" dstpinname="Color Input">
   </LINK>
   <NODE systemname="control_bowelmovement" filename="control_bowelmovement.v4p" nodename="control_bowelmovement.v4p" componentmode="Hidden" id="375">
   <BOUNDS type="Node" left="2038" top="1824" width="0" height="0">
   </BOUNDS>
   <BOUNDS type="Box" left="216" top="0" width="6632" height="9628">
   </BOUNDS>
   <BOUNDS type="Window" left="7344" top="1472" width="6632" height="8752">
   </BOUNDS>
   <PIN pinname="bowel_speed" visible="1">
   </PIN>
   <PIN pinname="Pause" visible="1">
   </PIN>
   </NODE>
   <LINK srcnodeid="375" srcpinname="Position Out" dstnodeid="349" dstpinname="Y">
   </LINK>
   <LINK srcnodeid="372" srcpinname="Y Output Value" dstnodeid="375" dstpinname="Switch">
   </LINK>
   <NODE nodename="IOBox (Value Advanced)" componentmode="InABox" id="376">
   <BOUNDS type="Box" left="3936" top="1368" width="696" height="208">
   </BOUNDS>
   <BOUNDS type="Node" left="3936" top="1368" width="0" height="0">
   </BOUNDS>
   <PIN pinname="Y Input Value" slicecount="1" visible="1" values="0.09">
   </PIN>
   <PIN pinname="Units" slicecount="1" values="||">
   </PIN>
   <PIN pinname="Precision" slicecount="1" values="4">
   </PIN>
   <PIN pinname="Descriptive Name" slicecount="1" values="bowel_speed">
   </PIN>
   </NODE>
   <LINK srcnodeid="376" srcpinname="Y Output Value" dstnodeid="375" dstpinname="bowel_speed">
   </LINK>
   <NODE nodename="IOBox (Value Advanced)" componentmode="InABox" id="377">
   <BOUNDS type="Box" left="2912" top="920" width="480" height="480">
   </BOUNDS>
   <BOUNDS type="Node" left="2912" top="920" width="0" height="0">
   </BOUNDS>
   <PIN pinname="Y Input Value" slicecount="1" visible="1" values="0">
   </PIN>
   <PIN pinname="Units" slicecount="1" values="||">
   </PIN>
   <PIN pinname="Precision" slicecount="1" values="4">
   </PIN>
   <PIN pinname="Value Type" slicecount="1" values="Boolean">
   </PIN>
   <PIN pinname="Behavior" slicecount="1" values="Toggle">
   </PIN>
   <PIN pinname="Descriptive Name" slicecount="1" values="Pause">
   </PIN>
   </NODE>
   <LINK srcnodeid="377" srcpinname="Y Output Value" dstnodeid="375" dstpinname="Pause">
   </LINK>
   <NODE systemname="texture_random" filename="texture_random.v4p" nodename="texture_random.v4p" componentmode="Hidden" id="379">
   <BOUNDS type="Node" left="4818" top="8269" width="0" height="0">
   </BOUNDS>
   <BOUNDS type="Box" left="2718" top="4133" width="4200" height="8272">
   </BOUNDS>
   <BOUNDS type="Window" left="-1" top="-1" width="4200" height="8272">
   </BOUNDS>
   </NODE>
   <LINK srcnodeid="379" srcpinname="Output" dstnodeid="239" dstpinname="Input 2">
   </LINK>
   <NODE nodename="IOBox (Node)" componentmode="InABox" id="384" hiddenwhenlocked="1">
   <BOUNDS type="Box" left="4704" top="3704" width="696" height="224">
   </BOUNDS>
   <BOUNDS type="Node" left="4704" top="3704" width="0" height="0">
   </BOUNDS>
   <PIN pinname="Descriptive Name" slicecount="1" values="|Layer Out|">
   </PIN>
   </NODE>
   <LINK srcnodeid="294" srcpinname="Layer Out" dstnodeid="384" dstpinname="Input Node" hiddenwhenlocked="1">
   </LINK>
   <NODE systemname="S (Value)" nodename="S (Value)" componentmode="Hidden" id="387">
   <BOUNDS type="Node" left="6584" top="5328" width="100" height="100">
   </BOUNDS>
   <PIN pinname="Send String" slicecount="1" values="ctrl_pipette">
   </PIN>
   <PIN pinname="Input Value" visible="1">
   </PIN>
   </NODE>
   <LINK srcnodeid="184" srcpinname="XY" dstnodeid="387" dstpinname="Input Value">
   </LINK>
   <NODE nodename="IOBox (Value Advanced)" componentmode="InABox" id="389">
   <BOUNDS type="Box" left="2600" top="6896" width="696" height="208">
   </BOUNDS>
   <BOUNDS type="Node" left="2600" top="6896" width="0" height="0">
   </BOUNDS>
   <PIN pinname="Y Input Value" slicecount="1" visible="1" values="0">
   </PIN>
   <PIN pinname="Units" slicecount="1" values="||">
   </PIN>
   <PIN pinname="Precision" slicecount="1" values="4">
   </PIN>
   <PIN pinname="Value Type" slicecount="1" values="Integer">
   </PIN>
   <PIN pinname="Descriptive Name" slicecount="1" values="blackout">
   </PIN>
   <PIN pinname="Y Output Value" visible="1">
   </PIN>
   </NODE>
   <NODE systemname="R (Value)" nodename="R (Value)" componentmode="Hidden" id="391">
   <BOUNDS type="Node" left="2616" top="5736" width="100" height="100">
   </BOUNDS>
   <PIN pinname="Receive String" slicecount="1" values="kinect_trigger">
   </PIN>
   <PIN pinname="Input Value" visible="1">
   </PIN>
   </NODE>
   <NODE systemname="OR (Boolean Spectral)" nodename="OR (Boolean Spectral)" componentmode="Hidden" id="392">
   <BOUNDS type="Node" left="2616" top="6136" width="100" height="100">
   </BOUNDS>
   <PIN pinname="Input" visible="1">
   </PIN>
   <PIN pinname="Output" visible="1">
   </PIN>
   </NODE>
   <LINK srcnodeid="391" srcpinname="Input Value" dstnodeid="392" dstpinname="Input">
   </LINK>
   <NODE systemname="ADSR (Animation)" nodename="ADSR (Animation)" componentmode="Hidden" id="396">
   <BOUNDS type="Node" left="2624" top="6528" width="100" height="100">
   </BOUNDS>
   <PIN pinname="Input" visible="1">
   </PIN>
   <PIN pinname="Attack Time" slicecount="1" values="0">
   </PIN>
   <PIN pinname="Decay Time" slicecount="1" visible="1" values="2">
   </PIN>
   <PIN pinname="Release Time" slicecount="1" values="0.5">
   </PIN>
   <PIN pinname="Output" visible="1">
   </PIN>
   <PIN pinname="Sustain Level" slicecount="1" values="1">
   </PIN>
   </NODE>
   <LINK srcnodeid="392" srcpinname="Output" dstnodeid="396" dstpinname="Input">
   </LINK>
   <LINK srcnodeid="396" srcpinname="Output" dstnodeid="389" dstpinname="Y Input Value">
   </LINK>
   <NODE systemname="InputMorph (Color)" nodename="InputMorph (Color)" componentmode="Hidden" id="397">
   <BOUNDS type="Node" left="4296" top="7392" width="100" height="100">
   </BOUNDS>
   <PIN pinname="Input 1" visible="1">
   </PIN>
   <PIN pinname="Input 2" visible="1" slicecount="1" values="|0.02780,0.02780,0.02780,1.00000|">
   </PIN>
   <PIN pinname="Switch" visible="1">
   </PIN>
   <PIN pinname="Output" visible="1">
   </PIN>
   </NODE>
   <LINK srcnodeid="389" srcpinname="Y Output Value" dstnodeid="397" dstpinname="Switch">
   </LINK>
   <LINK srcnodeid="397" srcpinname="Output" dstnodeid="239" dstpinname="Input 1">
   </LINK>
   <NODE systemname="R (Value)" nodename="R (Value)" componentmode="Hidden" id="404">
   <BOUNDS type="Node" left="4680" top="5560" width="100" height="100">
   </BOUNDS>
   <PIN pinname="Receive String" slicecount="1" values="impulse_running">
   </PIN>
   <PIN pinname="Input Value" visible="1">
   </PIN>
   </NODE>
   <NODE systemname="InputMorph (Color)" nodename="InputMorph (Color)" componentmode="Hidden" id="405">
   <BOUNDS type="Node" left="5360" top="6992" width="100" height="100">
   </BOUNDS>
   <PIN pinname="Input 1" visible="1" slicecount="1" values="|0.00000,0.00000,0.00000,1.00000|">
   </PIN>
   <PIN pinname="Input 2" visible="1" slicecount="1" values="|0.02780,0.02780,0.02780,1.00000|">
   </PIN>
   <PIN pinname="Switch" visible="1" slicecount="1" values="0">
   </PIN>
   <PIN pinname="Output" visible="1">
   </PIN>
   </NODE>
   <LINK srcnodeid="183" srcpinname="Color" dstnodeid="405" dstpinname="Input 1">
   </LINK>
   <LINK srcnodeid="334" srcpinname="Output" dstnodeid="405" dstpinname="Input 2">
   </LINK>
   <LINK srcnodeid="405" srcpinname="Output" dstnodeid="397" dstpinname="Input 1">
   </LINK>
   <NODE systemname="MonoFlop (Animation)" nodename="MonoFlop (Animation)" componentmode="Hidden" id="407">
   <BOUNDS type="Node" left="4704" top="6120" width="100" height="100">
   </BOUNDS>
   <PIN pinname="Set" visible="1">
   </PIN>
   <PIN pinname="Output" visible="1">
   </PIN>
   <PIN pinname="Time" slicecount="1" values="2">
   </PIN>
   </NODE>
   <LINK srcnodeid="404" srcpinname="Input Value" dstnodeid="407" dstpinname="Set">
   </LINK>
   <NODE systemname="ADSR (Animation)" nodename="ADSR (Animation)" componentmode="Hidden" id="408">
   <BOUNDS type="Node" left="4688" top="6552" width="100" height="100">
   </BOUNDS>
   <PIN pinname="Input" visible="1">
   </PIN>
   <PIN pinname="Decay" slicecount="1" values="0.5">
   </PIN>
   <PIN pinname="Output" visible="1">
   </PIN>
   <PIN pinname="Attack Time" slicecount="1" values="0.2">
   </PIN>
   <PIN pinname="Release Time" slicecount="1" values="1">
   </PIN>
   </NODE>
   <LINK srcnodeid="407" srcpinname="Output" dstnodeid="408" dstpinname="Input">
   </LINK>
   <LINK srcnodeid="408" srcpinname="Output" dstnodeid="405" dstpinname="Switch">
   </LINK>
   </PATCH>