<!DOCTYPE PATCH  SYSTEM "http://vvvv.org/versions/vvvv50beta35.8.dtd" >
   <PATCH nodename="C:\GIT\Reizdarm\VVVV\subpatches\ctrl_keyboard.v4p" systemname="ctrl_keyboard" filename="C:\GIT\Reizdarm\VVVV\subpatches\ctrl_keyboard.v4p" scrollx="352" scrolly="704">
   <NODE systemname="Keyboard (Devices Desktop)" filename="%VVVV%\lib\nodes\plugins\VVVV.Nodes.dll" nodename="Keyboard (Devices Desktop)" componentmode="Hidden" id="0">
   <BOUNDS type="Node" left="1564" top="796" width="100" height="100">
   </BOUNDS>
   <BOUNDS type="Box" left="1564" top="796" width="1600" height="1600">
   </BOUNDS>
   <PIN pinname="Device" visible="1">
   </PIN>
   </NODE>
   <NODE systemname="KeyMatch (Keyboard)" filename="%VVVV%\lib\nodes\plugins\VVVV.Nodes.dll" nodename="KeyMatch (Keyboard)" componentmode="Hidden" id="1">
   <BOUNDS type="Node" left="1612" top="1156" width="100" height="100">
   </BOUNDS>
   <BOUNDS type="Box" left="1612" top="1156" width="1600" height="1600">
   </BOUNDS>
   <PIN pinname="Keyboard" visible="1">
   </PIN>
   <PIN pinname="Descriptive Name" slicecount="1" values="||">
   </PIN>
   <PIN pinname="Key Match" slicecount="1" values="|space, l, r, i|">
   </PIN>
   <PIN pinname="Space" visible="1">
   </PIN>
   <PIN pinname="L" visible="1">
   </PIN>
   <PIN pinname="R" visible="1">
   </PIN>
   <PIN pinname="T" visible="1">
   </PIN>
   <PIN pinname="I" visible="1">
   </PIN>
   </NODE>
   <NODE systemname="AND (Boolean)" nodename="AND (Boolean)" componentmode="Hidden" id="2">
   <BOUNDS type="Node" left="1548" top="2500" width="100" height="100">
   </BOUNDS>
   <PIN pinname="Input 1" visible="1">
   </PIN>
   <PIN pinname="Input 2" visible="1">
   </PIN>
   <PIN pinname="Output" visible="1">
   </PIN>
   </NODE>
   <NODE systemname="S (Value)" nodename="S (Value)" componentmode="Hidden" id="3">
   <BOUNDS type="Node" left="1620" top="4860" width="100" height="100">
   </BOUNDS>
   <PIN pinname="Input Value" visible="1">
   </PIN>
   <PIN pinname="Send String" slicecount="1" values="ctrl_learnMode">
   </PIN>
   </NODE>
   <NODE systemname="Toggle (Animation)" nodename="Toggle (Animation)" componentmode="Hidden" id="4">
   <BOUNDS type="Node" left="1644" top="3340" width="100" height="100">
   </BOUNDS>
   <PIN pinname="Input" visible="1">
   </PIN>
   <PIN pinname="Output" visible="1">
   </PIN>
   </NODE>
   <NODE systemname="TogEdge (Animation)" nodename="TogEdge (Animation)" componentmode="Hidden" id="5">
   <BOUNDS type="Node" left="1660" top="2972" width="100" height="100">
   </BOUNDS>
   <PIN pinname="Input" visible="1">
   </PIN>
   <PIN pinname="Up Edge" visible="1">
   </PIN>
   </NODE>
   <NODE systemname="Zip (Value)" filename="%VVVV%\lib\nodes\plugins\VVVV.Nodes.dll" nodename="Zip (Value)" componentmode="Hidden" id="6">
   <BOUNDS type="Node" left="1884" top="1964" width="100" height="100">
   </BOUNDS>
   <BOUNDS type="Box" left="1884" top="1964" width="1600" height="1600">
   </BOUNDS>
   <PIN pinname="Input 1" visible="1">
   </PIN>
   <PIN pinname="Input 2" visible="1">
   </PIN>
   <PIN pinname="Output" visible="1">
   </PIN>
   <PIN pinname="Input Count" slicecount="1" values="3">
   </PIN>
   <PIN pinname="Input 3" visible="1" slicecount="1" values="0">
   </PIN>
   </NODE>
   <NODE systemname="Unzip (Value)" filename="%VVVV%\lib\nodes\plugins\VVVV.Nodes.dll" nodename="Unzip (Value)" componentmode="Hidden" id="7">
   <BOUNDS type="Node" left="1772" top="3740" width="100" height="100">
   </BOUNDS>
   <BOUNDS type="Box" left="1772" top="3740" width="1600" height="1600">
   </BOUNDS>
   <PIN pinname="Input" visible="1">
   </PIN>
   <PIN pinname="Output 1" visible="1">
   </PIN>
   <PIN pinname="Output 2" visible="1">
   </PIN>
   <PIN pinname="Output Count" slicecount="1" values="3">
   </PIN>
   <PIN pinname="Output 3" visible="1">
   </PIN>
   </NODE>
   <NODE systemname="S (Value)" nodename="S (Value)" componentmode="Hidden" id="8">
   <BOUNDS type="Node" left="1980" top="4484" width="100" height="100">
   </BOUNDS>
   <PIN pinname="Send String" slicecount="1" values="ctrl_randomLightSound">
   </PIN>
   <PIN pinname="Input Value" visible="1">
   </PIN>
   </NODE>
   <LINK srcnodeid="0" srcpinname="Device" dstnodeid="1" dstpinname="Keyboard">
   </LINK>
   <LINK srcnodeid="1" srcpinname="Space" dstnodeid="2" dstpinname="Input 1">
   </LINK>
   <LINK srcnodeid="6" srcpinname="Output" dstnodeid="2" dstpinname="Input 2">
   </LINK>
   <LINK srcnodeid="5" srcpinname="Up Edge" dstnodeid="4" dstpinname="Input">
   </LINK>
   <LINK srcnodeid="2" srcpinname="Output" dstnodeid="5" dstpinname="Input">
   </LINK>
   <LINK srcnodeid="7" srcpinname="Output 1" dstnodeid="3" dstpinname="Input Value">
   </LINK>
   <LINK srcnodeid="4" srcpinname="Output" dstnodeid="7" dstpinname="Input">
   </LINK>
   <LINK srcnodeid="1" srcpinname="L" dstnodeid="6" dstpinname="Input 1">
   </LINK>
   <LINK srcnodeid="1" srcpinname="R" dstnodeid="6" dstpinname="Input 2">
   </LINK>
   <LINK srcnodeid="7" srcpinname="Output 2" dstnodeid="8" dstpinname="Input Value">
   </LINK>
   <BOUNDS type="Window" left="5488" top="1624" width="4680" height="5728">
   </BOUNDS>
   <PACK Name="addonpack" Version="35.0.0">
   </PACK>
   <NODE systemname="S (Value)" nodename="S (Value)" componentmode="Hidden" id="9">
   <BOUNDS type="Node" left="2488" top="4016" width="100" height="100">
   </BOUNDS>
   <PIN pinname="Input Value" visible="1">
   </PIN>
   <PIN pinname="Send String" slicecount="1" values="ctrl_triggerImpulse">
   </PIN>
   </NODE>
   <LINK srcnodeid="7" srcpinname="Output 3" dstnodeid="9" dstpinname="Input Value">
   </LINK>
   <LINK srcnodeid="1" srcpinname="I" dstnodeid="6" dstpinname="Input 3">
   </LINK>
   </PATCH>