<!DOCTYPE PATCH  SYSTEM "http://vvvv.org/versions/vvvv45beta34.2.dtd" >
   <PATCH nodename="C:\GIT\Reizdarm\VVVV\subpatches\helper_colors.v4p" systemname="helper_colors" filename="C:\GIT\Reizdarm\VVVV\subpatches\helper_colors.v4p" scrollx="0" scrolly="0">
   <NODE nodename="IOBox (Color)" componentmode="InABox" id="0" systemname="IOBox (Color)">
   <BOUNDS type="Box" left="5740" top="2180" width="1184" height="368">
   </BOUNDS>
   <BOUNDS type="Node" left="5740" top="2180" width="0" height="0">
   </BOUNDS>
   <PIN pinname="Color Input" slicecount="1" visible="1" values="|0.53712,0.67749,0.01895,1.00000|">
   </PIN>
   <PIN pinname="SliceCount Mode" slicecount="1" values="Input">
   </PIN>
   <PIN pinname="Rows" slicecount="1" values="1">
   </PIN>
   <PIN pinname="Color Output" visible="1">
   </PIN>
   <PIN pinname="Descriptive Name" slicecount="1" values="zottenColor">
   </PIN>
   </NODE>
   <NODE systemname="DynamicTexture (EX9.Texture Color)" nodename="DynamicTexture (EX9.Texture Color)" componentmode="Hidden" id="2">
   <BOUNDS type="Node" left="332" top="2708" width="100" height="100">
   </BOUNDS>
   <PIN pinname="Texture Out" visible="1">
   </PIN>
   <PIN pinname="Color" slicecount="1" visible="1" values="|1.00000,1.00000,1.00000,1.00000|">
   </PIN>
   <PIN pinname="Depth" slicecount="1" values="7">
   </PIN>
   </NODE>
   <NODE systemname="Cons (EX9.Texture)" nodename="Cons (EX9.Texture)" componentmode="Hidden" id="3">
   <BOUNDS type="Node" left="3500" top="4796" width="100" height="100">
   </BOUNDS>
   <PIN pinname="Texture In Count" slicecount="1" values="5">
   </PIN>
   <PIN pinname="Texture In 3" visible="1" slicecount="1" values="||">
   </PIN>
   <PIN pinname="Texture Out" visible="1">
   </PIN>
   <PIN pinname="Texture In 1" visible="1" slicecount="1" values="||">
   </PIN>
   <PIN pinname="Texture In 2" visible="1" slicecount="1" values="||">
   </PIN>
   <PIN pinname="Texture In 4" visible="1" slicecount="1" values="||">
   </PIN>
   <PIN pinname="Texture In 5" visible="1" slicecount="1" values="||">
   </PIN>
   </NODE>
   <NODE nodename="IOBox (Node)" componentmode="InABox" id="6" systemname="IOBox (Node)">
   <BOUNDS type="Box" left="3700" top="3412" width="696" height="208">
   </BOUNDS>
   <BOUNDS type="Node" left="3700" top="3412" width="0" height="0">
   </BOUNDS>
   <PIN pinname="Input Node" slicecount="1" visible="1" values="||">
   </PIN>
   <PIN pinname="Descriptive Name" slicecount="1" values="|Texture In 2|">
   </PIN>
   <PIN pinname="Output Node" visible="1">
   </PIN>
   </NODE>
   <NODE nodename="IOBox (Color)" componentmode="InABox" id="7" systemname="IOBox (Color)">
   <BOUNDS type="Box" left="652" top="1652" width="1960" height="416">
   </BOUNDS>
   <BOUNDS type="Node" left="652" top="1652" width="0" height="0">
   </BOUNDS>
   <PIN pinname="Color Input" slicecount="1" visible="1" values="|0.23170,0.23170,0.23170,1.00000|">
   </PIN>
   <PIN pinname="Color Output" visible="1">
   </PIN>
   </NODE>
   <NODE systemname="SetAlpha (Color)" nodename="SetAlpha (Color)" componentmode="Hidden" id="8">
   <BOUNDS type="Node" left="668" top="2308" width="100" height="100">
   </BOUNDS>
   <PIN pinname="Input" visible="1">
   </PIN>
   <PIN pinname="Output" visible="1">
   </PIN>
   <PIN pinname="Alpha" slicecount="1" values="1">
   </PIN>
   </NODE>
   <NODE systemname="Cons (EX9.Texture)" nodename="Cons (EX9.Texture)" componentmode="Hidden" id="9">
   <BOUNDS type="Node" left="1684" top="3932" width="100" height="100">
   </BOUNDS>
   <PIN pinname="Texture In Count" slicecount="1" values="2">
   </PIN>
   <PIN pinname="Texture In 1" visible="1">
   </PIN>
   <PIN pinname="Texture In 2" visible="1" slicecount="1" values="||">
   </PIN>
   <PIN pinname="Texture In 3" visible="1" slicecount="1" values="||">
   </PIN>
   <PIN pinname="Texture In 4" visible="1" slicecount="1" values="||">
   </PIN>
   <PIN pinname="Texture Out" visible="1">
   </PIN>
   </NODE>
   <NODE nodename="IOBox (Color)" componentmode="InABox" id="10" systemname="IOBox (Color)">
   <BOUNDS type="Box" left="7340" top="2220" width="1184" height="368">
   </BOUNDS>
   <BOUNDS type="Node" left="7340" top="2220" width="0" height="0">
   </BOUNDS>
   <PIN pinname="Color Input" slicecount="1" visible="1" values="|0.98703,0.93928,0.02735,1.00000|">
   </PIN>
   <PIN pinname="SliceCount Mode" slicecount="1" values="Input">
   </PIN>
   <PIN pinname="Rows" slicecount="1" values="1">
   </PIN>
   <PIN pinname="Color Output" visible="1">
   </PIN>
   <PIN pinname="Descriptive Name" slicecount="1" values="lightcolor">
   </PIN>
   </NODE>
   <NODE id="14" componentmode="Hidden" systemname="helper_textureArray" filename="helper_textureArray.v4p" nodename="subpatches\helper_textureArray.v4p" hiddenwhenlocked="0" managers="">
   <PIN pinname="Texture Out" visible="1" pintype="Output">
   </PIN>
   <BOUNDS type="Node" left="5784" top="3332" width="0" height="0">
   </BOUNDS>
   <BOUNDS type="Box" left="3596" top="-948" width="10028" height="16584">
   </BOUNDS>
   <PIN pinname="Input" slicecount="12" visible="1" values="|0.87578,0.87578,0.87578,1.00000|,|0.87578,0.87578,0.87578,1.00000|,|0.87027,0.80191,0.02426,1.00000|,|0.87027,0.80191,0.02426,1.00000|,|0.87027,0.80191,0.02426,1.00000|,|0.87027,0.80191,0.02426,1.00000|,|0.87027,0.80191,0.02426,1.00000|,|0.87027,0.80191,0.02426,1.00000|,|0.87027,0.80191,0.02426,1.00000|,|0.87027,0.80191,0.02426,1.00000|,|0.87578,0.87578,0.87578,1.00000|,|0.87578,0.87578,0.87578,1.00000|">
   </PIN>
   <BOUNDS type="Window" left="5208" top="112" width="10024" height="8752">
   </BOUNDS>
   <PIN pinname="Descriptive Name" pintype="Configuration" slicecount="1" values="||">
   </PIN>
   <PIN pinname="Evaluate" pintype="Input" visible="-1" slicecount="1" values="1">
   </PIN>
   <PIN pinname="Window Handle" pintype="Output" visible="-1">
   </PIN>
   <PIN pinname="Patch" pintype="Output" visible="-1">
   </PIN>
   <PIN pinname="ID" pintype="Output" visible="-1">
   </PIN>
   <PIN pinname="Texture In 2" visible="1" slicecount="1" values="||">
   </PIN>
   <PIN pinname="Texture In 1" visible="1" slicecount="1" values="||">
   </PIN>
   <PIN pinname="lights" visible="1" pintype="Input" slicecount="14" values="|0.44206,0.15914,0.00000,0.15000|,|0.44206,0.15914,0.00000,0.15000|,|0.79996,0.28798,0.00000,0.15000|,|0.79996,0.28798,0.00000,0.15000|,|0.83778,0.30160,0.00000,0.15000|,|0.83778,0.30160,0.00000,0.15000|,|0.46219,0.16639,0.00000,0.15000|,|0.46219,0.16639,0.00000,0.15000|,|0.07762,0.02794,0.00000,0.15000|,|0.07762,0.02794,0.00000,0.15000|,|0.00000,0.00000,0.00000,0.15000|,|0.00000,0.00000,0.00000,0.15000|,|0.00000,0.00000,0.00000,0.15000|,|0.00000,0.00000,0.00000,0.15000|">
   </PIN>
   <PIN pinname="zotten" pintype="Input" visible="1" slicecount="8" values="|0.00000,0.00000,0.00000,1.00000|,|0.00000,0.00000,0.00000,1.00000|,|0.00000,0.88000,1.00000,1.00000|,|0.00000,0.88000,1.00000,1.00000|,|0.00000,0.88000,1.00000,1.00000|,|0.00000,0.88000,1.00000,1.00000|,|0.00000,0.00000,0.00000,1.00000|,|0.00000,0.00000,0.00000,1.00000|">
   </PIN>
   </NODE>
   <LINK srcnodeid="8" srcpinname="Output" dstnodeid="2" dstpinname="Color">
   </LINK>
   <LINK srcnodeid="2" srcpinname="Texture Out" dstnodeid="9" dstpinname="Texture In 1">
   </LINK>
   <LINK srcnodeid="7" srcpinname="Color Output" dstnodeid="8" dstpinname="Input">
   </LINK>
   <LINK srcnodeid="9" srcpinname="Texture Out" dstnodeid="3" dstpinname="Texture In 1">
   </LINK>
   <LINK srcnodeid="6" srcpinname="Output Node" dstnodeid="3" dstpinname="Texture In 2">
   </LINK>
   <LINK srcnodeid="6" srcpinname="Output Node" dstnodeid="3" dstpinname="Texture In 3">
   </LINK>
   <LINK srcnodeid="6" srcpinname="Output Node" dstnodeid="3" dstpinname="Texture In 4">
   </LINK>
   <LINK srcnodeid="14" srcpinname="Texture Out" dstnodeid="3" dstpinname="Texture In 5">
   </LINK>
   <NODE id="16" systemname="IOBox (Node)" componentmode="InABox" nodename="IOBox (Node)">
   <PIN pinname="Descriptive Name" slicecount="1" values="|Texture Out|">
   </PIN>
   <BOUNDS type="Box" left="3500" top="5396" width="750" height="240">
   </BOUNDS>
   <BOUNDS type="Node" left="3500" top="5396" width="750" height="240">
   </BOUNDS>
   </NODE>
   <LINK srcnodeid="3" srcpinname="Texture Out" dstnodeid="16" dstpinname="Input Node">
   </LINK>
   <PACK Name="addonpack" Version="34.1.0">
   </PACK>
   <BOUNDS type="Window" left="5856" top="88" width="10024" height="8752">
   </BOUNDS>
   <NODE systemname="DynamicTexture (EX9.Texture Color)" nodename="DynamicTexture (EX9.Texture Color)" componentmode="Hidden" id="19">
   <BOUNDS type="Node" left="1900" top="2772" width="100" height="100">
   </BOUNDS>
   <PIN pinname="Texture Out" visible="1">
   </PIN>
   <PIN pinname="Color" slicecount="1" visible="1" values="|1.00000,1.00000,1.00000,1.00000|">
   </PIN>
   <PIN pinname="Depth" slicecount="1" values="7">
   </PIN>
   </NODE>
   <NODE nodename="IOBox (Color)" componentmode="InABox" id="18" systemname="IOBox (Color)">
   <BOUNDS type="Box" left="2220" top="1716" width="1960" height="416">
   </BOUNDS>
   <BOUNDS type="Node" left="2220" top="1716" width="0" height="0">
   </BOUNDS>
   <PIN pinname="Color Input" slicecount="1" visible="1" values="|0.45786,0.45786,0.45786,1.00000|">
   </PIN>
   <PIN pinname="Color Output" visible="1">
   </PIN>
   </NODE>
   <NODE systemname="SetAlpha (Color)" nodename="SetAlpha (Color)" componentmode="Hidden" id="17">
   <BOUNDS type="Node" left="2236" top="2372" width="100" height="100">
   </BOUNDS>
   <PIN pinname="Input" visible="1">
   </PIN>
   <PIN pinname="Output" visible="1">
   </PIN>
   <PIN pinname="Alpha" slicecount="1" values="0.2">
   </PIN>
   </NODE>
   <LINK srcnodeid="17" srcpinname="Output" dstnodeid="19" dstpinname="Color">
   </LINK>
   <LINK srcnodeid="18" srcpinname="Color Output" dstnodeid="17" dstpinname="Input">
   </LINK>
   <LINK srcnodeid="19" srcpinname="Texture Out" dstnodeid="9" dstpinname="Texture In 2">
   </LINK>
   <LINK srcnodeid="0" srcpinname="Color Output" dstnodeid="14" dstpinname="zotten">
   </LINK>
   <LINK srcnodeid="10" srcpinname="Color Output" dstnodeid="14" dstpinname="lights">
   </LINK>
   </PATCH>