<!DOCTYPE PATCH  SYSTEM "http://vvvv.org/versions/vvvv50beta35.8.dtd" >
   <PATCH nodename="D:\GIT\Reizdarm\VVVV\subpatches\kinect_distance.v4p" systemname="Count (DX11.Particles.Analysis) help" filename="C:\Users\TP-A11\Desktop\Count (DX11.Particles.Analysis) help.v4p" scrollx="190" scrolly="6990">
   <BOUNDS type="Window" left="9390" top="280" width="12590" height="8290">
   </BOUNDS>
   <PACK Name="vvvv-Message" Version="2.9.10">
   </PACK>
   <PACK Name="vvvv-ZeroMQ" Version="0.5.7">
   </PACK>
   <PACK Name="addonpack" Version="35.0.0">
   </PACK>
   <NODE systemname="Group (DX11.Layer)" filename="%VVVV%\packs\dx11\nodes\plugins\base\VVVV.DX11.Nodes.dll" nodename="Group (DX11.Layer)" componentmode="Hidden" id="7">
   <BOUNDS type="Node" left="7783" top="7769" width="100" height="100">
   </BOUNDS>
   <PIN pinname="Layer 1" visible="1">
   </PIN>
   <PIN pinname="Layer Out" visible="1">
   </PIN>
   <PIN pinname="Layer 2" visible="1">
   </PIN>
   </NODE>
   <NODE id="5" systemname="ParticleSystem (DX11.Particles.Core)" filename="%VVVV%\packs\dx11.particles\nodes\modules\Core\ParticleSystem (DX11.Particles.Core).v4p" nodename="ParticleSystem (DX11.Particles.Core)" componentmode="Hidden">
   <PIN pinname="Layer In" visible="1" slicecount="1" values="||">
   </PIN>
   <BOUNDS type="Node" left="7758" top="8297" width="1290" height="270">
   </BOUNDS>
   <BOUNDS type="Box" left="7758" top="8297" width="8640" height="7720">
   </BOUNDS>
   <BOUNDS type="Window" left="7665" top="270" width="19950" height="16260">
   </BOUNDS>
   <PIN pinname="ParticleSystemBuffers" visible="1">
   </PIN>
   <PIN pinname="Defines" visible="1">
   </PIN>
   <PIN pinname="Reset" visible="1" slicecount="1" values="0">
   </PIN>
   <PIN pinname="Stride" visible="1">
   </PIN>
   <PIN pinname="ParticleCount" visible="1">
   </PIN>
   <PIN pinname="IterationType" visible="1" pintype="Input">
   </PIN>
   <PIN pinname="Iteration Technique" slicecount="1" values="AvgVelocities">
   </PIN>
   <PIN pinname="ParticleSystem Name" visible="1" slicecount="1" values="|Default System|">
   </PIN>
   </NODE>
   <LINK srcnodeid="7" srcpinname="Layer Out" dstnodeid="5" dstpinname="Layer In">
   </LINK>
   <NODE systemname="Selection (DX11.Particles.Selection)" filename="%VVVV%\packs\dx11.particles\nodes\modules\Selection\Selection (DX11.Particles.Selection).v4p" nodename="Selection (DX11.Particles.Selection)" componentmode="Hidden" id="29">
   <BOUNDS type="Node" left="8316" top="7091" width="100" height="100">
   </BOUNDS>
   <PIN pinname="Layer Out" visible="1">
   </PIN>
   <PIN pinname="Selection" visible="1" slicecount="2" values=",">
   </PIN>
   <BOUNDS type="Box" left="8316" top="7091">
   </BOUNDS>
   <PIN pinname="Name" visible="1">
   </PIN>
   <PIN pinname="Enabled" slicecount="1" values="1">
   </PIN>
   </NODE>
   <LINK srcnodeid="29" srcpinname="Layer Out" dstnodeid="7" dstpinname="Layer 2" linkstyle="Bezier">
   </LINK>
   <NODE systemname="Intersect (DX11.Particles.Selection Transform)" filename="%VVVV%\packs\dx11.particles\nodes\modules\Selection\Intersect (DX11.Particles.Selection Transform).v4p" nodename="Intersect (DX11.Particles.Selection Transform)" componentmode="Hidden" id="30">
   <BOUNDS type="Node" left="8316" top="5666" width="100" height="100">
   </BOUNDS>
   <PIN pinname="Selection Out" visible="1">
   </PIN>
   <BOUNDS type="Box" left="8316" top="5666">
   </BOUNDS>
   <PIN pinname="Help Layer" visible="1">
   </PIN>
   <PIN pinname="Transform In" visible="1">
   </PIN>
   </NODE>
   <NODE nodename="IOBox (String)" componentmode="InABox" id="33" systemname="IOBox (String)">
   <BOUNDS type="Box" left="9246" top="6536" width="1020" height="240">
   </BOUNDS>
   <BOUNDS type="Node" left="9246" top="6536" width="0" height="0">
   </BOUNDS>
   <PIN pinname="Input String" slicecount="1" visible="1" values="Intersection">
   </PIN>
   <PIN pinname="Default" slicecount="1" values="text">
   </PIN>
   <PIN pinname="File Mask" slicecount="1" values="||">
   </PIN>
   <PIN pinname="Maximum Characters" slicecount="1" values="-1">
   </PIN>
   <PIN pinname="Descriptive Name" slicecount="1" values="Name">
   </PIN>
   </NODE>
   <LINK srcnodeid="33" srcpinname="Output String" dstnodeid="29" dstpinname="Name">
   </LINK>
   <NODE nodename="IOBox (Enumerations)" componentmode="InABox" id="35" systemname="IOBox (Enumerations)">
   <BOUNDS type="Box" left="8912" top="8965" width="1665" height="240">
   </BOUNDS>
   <BOUNDS type="Node" left="8912" top="8965" width="0" height="0">
   </BOUNDS>
   <PIN pinname="Input Enum" slicecount="1" visible="1" values="GROUP_Intersection">
   </PIN>
   </NODE>
   <NODE nodename="IOBox (Node)" componentmode="InABox" id="40" systemname="IOBox (Node)">
   <BOUNDS type="Box" left="8316" top="6296" width="795" height="240">
   </BOUNDS>
   <BOUNDS type="Node" left="8316" top="6296" width="0" height="0">
   </BOUNDS>
   <PIN pinname="Input Node" slicecount="2" visible="1" values=",">
   </PIN>
   <PIN pinname="Descriptive Name" slicecount="1" values="Selection">
   </PIN>
   </NODE>
   <LINK srcnodeid="40" srcpinname="Output Node" dstnodeid="29" dstpinname="Selection">
   </LINK>
   <LINK srcnodeid="30" srcpinname="Selection Out" dstnodeid="40" dstpinname="Input Node">
   </LINK>
   <NODE nodename="IOBox (Enumerations)" componentmode="InABox" id="44" systemname="IOBox (Enumerations)">
   <BOUNDS type="Box" left="8735" top="8703" width="1395" height="240">
   </BOUNDS>
   <BOUNDS type="Node" left="8735" top="8703" width="0" height="0">
   </BOUNDS>
   <PIN pinname="Input Enum" slicecount="1" visible="1" values="|Default System|">
   </PIN>
   </NODE>
   <NODE systemname="Count (DX11.Particles.Analysis)" filename="%VVVV%\packs\dx11.particles\nodes\modules\Analysis\Count (DX11.Particles.Analysis).v4p" nodename="Count (DX11.Particles.Analysis)" componentmode="Hidden" id="4">
   <BOUNDS type="Node" left="8405" top="9558" width="100" height="100">
   </BOUNDS>
   <PIN pinname="ParticleSystemBuffers" visible="1">
   </PIN>
   <PIN pinname="Selection" slicecount="1" visible="1" values="|GROUP_Intersection Group|">
   </PIN>
   <PIN pinname="Help Layer" visible="1">
   </PIN>
   <PIN pinname="Color Helper" slicecount="1" values="|0.93829,0.93004,0.00000,1.00000|">
   </PIN>
   <PIN pinname="ParticleSystem" visible="1">
   </PIN>
   <BOUNDS type="Window" left="7335" top="960" width="11835" height="11370">
   </BOUNDS>
   <PIN pinname="Element Count" visible="1">
   </PIN>
   </NODE>
   <LINK srcnodeid="5" srcpinname="ParticleSystemBuffers" dstnodeid="4" dstpinname="ParticleSystemBuffers" linkstyle="PolyLine">
   </LINK>
   <LINK srcnodeid="35" srcpinname="Output Enum" dstnodeid="4" dstpinname="Selection">
   </LINK>
   <LINK srcnodeid="44" srcpinname="Output Enum" dstnodeid="4" dstpinname="ParticleSystem">
   </LINK>
   <PACK Name="dx11" Version="1.0.2">
   </PACK>
   <NODE systemname="LinearSpread (Spreads)" nodename="LinearSpread (Spreads)" componentmode="Hidden" id="49">
   <BOUNDS type="Node" left="8991" top="4175" width="100" height="100">
   </BOUNDS>
   <PIN pinname="Spread Count" visible="1">
   </PIN>
   <PIN pinname="Output" visible="1">
   </PIN>
   <PIN pinname="Width" slicecount="1" visible="1" values="2">
   </PIN>
   <PIN pinname="Input" slicecount="1" visible="1" values="0">
   </PIN>
   <PIN pinname="Alignment" slicecount="1" values="Centered">
   </PIN>
   </NODE>
   <NODE nodename="IOBox (Value Advanced)" componentmode="InABox" id="50">
   <BOUNDS type="Box" left="10536" top="2952" width="795" height="240">
   </BOUNDS>
   <BOUNDS type="Node" left="10536" top="2952" width="0" height="0">
   </BOUNDS>
   <PIN pinname="Y Input Value" slicecount="1" visible="1" values="10">
   </PIN>
   <PIN pinname="Units" slicecount="1" values="||">
   </PIN>
   <PIN pinname="Precision" slicecount="1" values="4">
   </PIN>
   <PIN pinname="Value Type" slicecount="1" values="Integer">
   </PIN>
   <PIN pinname="Y Output Value" visible="1">
   </PIN>
   <PIN pinname="Descriptive Name" slicecount="1" values="sensorSpread">
   </PIN>
   </NODE>
   <LINK srcnodeid="50" srcpinname="Y Output Value" dstnodeid="49" dstpinname="Spread Count" hiddenwhenlocked="1">
   </LINK>
   <NODE systemname="Transform (Transform 3d Vector)" nodename="Transform (Transform 3d Vector)" componentmode="Hidden" id="51">
   <BOUNDS type="Node" left="8292" top="5213" width="100" height="100">
   </BOUNDS>
   <PIN pinname="Translate XYZ" visible="1">
   </PIN>
   <PIN pinname="Transform Out" visible="1">
   </PIN>
   <PIN pinname="Transform In" visible="1" slicecount="1" values="||">
   </PIN>
   <PIN pinname="Scale XYZ" visible="1">
   </PIN>
   </NODE>
   <NODE systemname="Vector (3d Join)" nodename="Vector (3d Join)" componentmode="Hidden" id="52">
   <BOUNDS type="Node" left="8520" top="4743" width="100" height="100">
   </BOUNDS>
   <PIN pinname="Z" visible="1">
   </PIN>
   <PIN pinname="XYZ" visible="1">
   </PIN>
   </NODE>
   <LINK srcnodeid="49" srcpinname="Output" dstnodeid="52" dstpinname="Z">
   </LINK>
   <LINK srcnodeid="52" srcpinname="XYZ" dstnodeid="51" dstpinname="Translate XYZ">
   </LINK>
   <LINK srcnodeid="51" srcpinname="Transform Out" dstnodeid="30" dstpinname="Transform In">
   </LINK>
   <NODE systemname="Kinect2 (DX11.Particles.Kinect)" filename="%VVVV%\packs\dx11.particles\nodes\modules\Kinect\Kinect2 (DX11.Particles.Kinect).v4p" nodename="Kinect2 (DX11.Particles.Kinect)" componentmode="Hidden" id="53">
   <BOUNDS type="Node" left="4832" top="6214" width="100" height="100">
   </BOUNDS>
   <PIN pinname="RGB" visible="1">
   </PIN>
   <PIN pinname="RGBDepth" visible="1">
   </PIN>
   <PIN pinname="World" visible="1">
   </PIN>
   <PIN pinname="Raw Data" slicecount="1" values="0">
   </PIN>
   <PIN pinname="Enabled" visible="1">
   </PIN>
   </NODE>
   <NODE systemname="Emitter (DX11.Particles.Emitter Kinect)" filename="%VVVV%\packs\dx11.particles\nodes\modules\Emitters\Emitter (DX11.Particles.Emitter Kinect).v4p" nodename="Emitter (DX11.Particles.Emitter Kinect)" componentmode="Hidden" id="54">
   <BOUNDS type="Node" left="4913" top="6722" width="100" height="100">
   </BOUNDS>
   <PIN pinname="RGB" visible="1">
   </PIN>
   <PIN pinname="RGBDepth" visible="1">
   </PIN>
   <PIN pinname="World" visible="1">
   </PIN>
   <PIN pinname="Layer" visible="1">
   </PIN>
   <PIN pinname="Transform In" visible="1" slicecount="1" values="||">
   </PIN>
   </NODE>
   <LINK srcnodeid="53" srcpinname="RGB" dstnodeid="54" dstpinname="RGB">
   </LINK>
   <LINK srcnodeid="53" srcpinname="RGBDepth" dstnodeid="54" dstpinname="RGBDepth">
   </LINK>
   <LINK srcnodeid="53" srcpinname="World" dstnodeid="54" dstpinname="World">
   </LINK>
   <LINK srcnodeid="54" srcpinname="Layer" dstnodeid="7" dstpinname="Layer 1">
   </LINK>
   <NODE systemname="Decay (Animation)" nodename="Decay (Animation)" componentmode="Hidden" id="57">
   <BOUNDS type="Node" left="9576" top="10220" width="100" height="100">
   </BOUNDS>
   <PIN pinname="Input" visible="1" slicecount="4" values="1837,2,389,4569">
   </PIN>
   <PIN pinname="Release Time" slicecount="1" values="10">
   </PIN>
   <PIN pinname="Output" visible="1">
   </PIN>
   <PIN pinname="Decay" slicecount="1" visible="1" values="20">
   </PIN>
   </NODE>
   <LINK srcnodeid="4" srcpinname="Element Count" dstnodeid="57" dstpinname="Input">
   </LINK>
   <NODE systemname="Add (Value)" nodename="Add (Value)" componentmode="Hidden" id="59">
   <BOUNDS type="Node" left="9664" top="11187" width="100" height="100">
   </BOUNDS>
   <PIN pinname="Input 1" visible="1">
   </PIN>
   <PIN pinname="Input 2" visible="1">
   </PIN>
   <PIN pinname="Output" visible="1">
   </PIN>
   </NODE>
   <NODE nodename="IOBox (Value Advanced)" componentmode="InABox" id="60">
   <BOUNDS type="Box" left="10542" top="10805" width="800" height="248">
   </BOUNDS>
   <BOUNDS type="Node" left="10542" top="10805" width="0" height="0">
   </BOUNDS>
   <PIN pinname="Y Input Value" slicecount="1" visible="1" values="10">
   </PIN>
   <PIN pinname="Units" slicecount="1" values="||">
   </PIN>
   <PIN pinname="Precision" slicecount="1" values="4">
   </PIN>
   <PIN pinname="Descriptive Name" slicecount="1" values="threshold">
   </PIN>
   </NODE>
   <LINK srcnodeid="60" srcpinname="Y Output Value" dstnodeid="59" dstpinname="Input 2">
   </LINK>
   <NODE systemname="GT (Value)" nodename="GT (Value)" componentmode="Hidden" id="63">
   <BOUNDS type="Node" left="8405" top="11897" width="100" height="100">
   </BOUNDS>
   <PIN pinname="Input 1" visible="1">
   </PIN>
   <PIN pinname="Input 2" visible="1">
   </PIN>
   <PIN pinname="Output" visible="1">
   </PIN>
   </NODE>
   <NODE systemname="S+H (Animation)" nodename="S+H (Animation)" componentmode="Hidden" id="66">
   <BOUNDS type="Node" left="9643" top="11522" width="100" height="100">
   </BOUNDS>
   <PIN pinname="Input" visible="1">
   </PIN>
   <PIN pinname="Output" visible="1">
   </PIN>
   <PIN pinname="Set" visible="1" slicecount="1" values="1">
   </PIN>
   </NODE>
   <LINK srcnodeid="4" srcpinname="Element Count" dstnodeid="63" dstpinname="Input 1">
   </LINK>
   <LINK srcnodeid="59" srcpinname="Output" dstnodeid="66" dstpinname="Input">
   </LINK>
   <NODE nodename="IOBox (Value Advanced)" componentmode="InABox" id="79">
   <BOUNDS type="Box" left="5146" top="5511" width="480" height="480">
   </BOUNDS>
   <BOUNDS type="Node" left="5146" top="5511" width="0" height="0">
   </BOUNDS>
   <PIN pinname="Y Input Value" slicecount="1" visible="1" values="1">
   </PIN>
   <PIN pinname="Units" slicecount="1" values="||">
   </PIN>
   <PIN pinname="Precision" slicecount="1" values="4">
   </PIN>
   <PIN pinname="Value Type" slicecount="1" values="Boolean">
   </PIN>
   <PIN pinname="Behavior" slicecount="1" values="Toggle">
   </PIN>
   <PIN pinname="Descriptive Name" slicecount="1" values="Enabled">
   </PIN>
   <PIN pinname="X Input Value" slicecount="1" values="1">
   </PIN>
   </NODE>
   <LINK srcnodeid="79" srcpinname="Y Output Value" dstnodeid="53" dstpinname="Enabled">
   </LINK>
   <NODE systemname="S (Value)" nodename="S (Value)" componentmode="Hidden" id="80">
   <BOUNDS type="Node" left="8432" top="15920" width="100" height="100">
   </BOUNDS>
   <PIN pinname="Send String" slicecount="1" values="kinect_distance">
   </PIN>
   <PIN pinname="Input Value" visible="1">
   </PIN>
   </NODE>
   <NODE systemname="Select (Value)" filename="%VVVV%\lib\nodes\plugins\VVVV.Nodes.dll" nodename="Select (Value)" componentmode="Hidden" id="81">
   <BOUNDS type="Node" left="7064" top="11976" width="100" height="100">
   </BOUNDS>
   <BOUNDS type="Box" left="7064" top="11976" width="1600" height="1600">
   </BOUNDS>
   <PIN pinname="Input" visible="1">
   </PIN>
   <PIN pinname="Select" visible="1">
   </PIN>
   <PIN pinname="Output" visible="1">
   </PIN>
   <PIN pinname="Former Slice" visible="1">
   </PIN>
   </NODE>
   <NODE systemname="I (Spreads)" nodename="I (Spreads)" componentmode="Hidden" id="82">
   <BOUNDS type="Node" left="7064" top="11544" width="100" height="100">
   </BOUNDS>
   <PIN pinname=".. To [" visible="1">
   </PIN>
   <PIN pinname="Output" visible="1">
   </PIN>
   </NODE>
   <LINK srcnodeid="82" srcpinname="Output" dstnodeid="81" dstpinname="Input">
   </LINK>
   <LINK srcnodeid="63" srcpinname="Output" dstnodeid="81" dstpinname="Select">
   </LINK>
   <NODE systemname="AvoidNIL (Spreads)" filename="%VVVV%\lib\nodes\modules\Spreads\AvoidNIL (Spreads).v4p" nodename="AvoidNIL (Spreads)" componentmode="Hidden" id="83">
   <BOUNDS type="Node" left="7064" top="13192" width="100" height="100">
   </BOUNDS>
   <PIN pinname="Input" visible="1">
   </PIN>
   <PIN pinname="Output" visible="1">
   </PIN>
   <BOUNDS type="Box" left="7064" top="13192">
   </BOUNDS>
   </NODE>
   <NODE systemname="CAR (Spreads)" nodename="CAR (Spreads)" componentmode="Hidden" id="85">
   <BOUNDS type="Node" left="7064" top="13576" width="100" height="100">
   </BOUNDS>
   <PIN pinname="Input" visible="1">
   </PIN>
   <PIN pinname="First Slice" visible="1">
   </PIN>
   </NODE>
   <LINK srcnodeid="83" srcpinname="Output" dstnodeid="85" dstpinname="Input">
   </LINK>
   <NODE nodename="IOBox (Value Advanced)" componentmode="InABox" id="87">
   <BOUNDS type="Box" left="7784" top="10904" width="696" height="208">
   </BOUNDS>
   <BOUNDS type="Node" left="7784" top="10904" width="0" height="0">
   </BOUNDS>
   <PIN pinname="Units" slicecount="1" values="||">
   </PIN>
   <PIN pinname="Precision" slicecount="1" values="4">
   </PIN>
   <PIN pinname="Value Type" slicecount="1" values="Integer">
   </PIN>
   <PIN pinname="Y Output Value" visible="1">
   </PIN>
   </NODE>
   <LINK srcnodeid="50" srcpinname="Y Output Value" dstnodeid="87" dstpinname="Y Input Value" hiddenwhenlocked="1">
   </LINK>
   <LINK srcnodeid="87" srcpinname="Y Output Value" dstnodeid="82" dstpinname=".. To [" hiddenwhenlocked="0">
   </LINK>
   <NODE systemname="Map (Value)" filename="" nodename="Map (Value)" componentmode="Hidden" id="86">
   <BOUNDS type="Node" left="7064" top="14032" width="100" height="100">
   </BOUNDS>
   <BOUNDS type="Box" left="7240" top="14032" width="1600" height="1600">
   </BOUNDS>
   <PIN pinname="Input" visible="1">
   </PIN>
   <PIN pinname="Output Breakpoint" visible="1">
   </PIN>
   <PIN pinname="Source Maximum" visible="1">
   </PIN>
   <PIN pinname="Output" visible="1">
   </PIN>
   <PIN pinname="Mapping" slicecount="1" values="Clamp">
   </PIN>
   <PIN pinname="Destination Minimum" slicecount="1" values="0">
   </PIN>
   <PIN pinname="Destination Maximum" slicecount="1" values="1">
   </PIN>
   </NODE>
   <LINK srcnodeid="85" srcpinname="First Slice" dstnodeid="86" dstpinname="Input">
   </LINK>
   <LINK srcnodeid="87" srcpinname="Y Output Value" dstnodeid="86" dstpinname="Output Breakpoint" hiddenwhenlocked="1">
   <LINKPOINT x="7648" y="11560">
   </LINKPOINT>
   </LINK>
   <NODE nodename="IOBox (Value Advanced)" componentmode="InABox" id="90">
   <BOUNDS type="Box" left="6728" top="9792" width="480" height="480">
   </BOUNDS>
   <BOUNDS type="Node" left="6728" top="9792" width="0" height="0">
   </BOUNDS>
   <PIN pinname="Y Input Value" slicecount="1" visible="1" values="1">
   </PIN>
   <PIN pinname="Units" slicecount="1" values="||">
   </PIN>
   <PIN pinname="Precision" slicecount="1" values="4">
   </PIN>
   <PIN pinname="Value Type" slicecount="1" values="Boolean">
   </PIN>
   <PIN pinname="Behavior" slicecount="1" values="Toggle">
   </PIN>
   <PIN pinname="Descriptive Name" slicecount="1" values="HelperEnabled">
   </PIN>
   <PIN pinname="Y Output Value" visible="1">
   </PIN>
   </NODE>
   <NODE systemname="Damper (Animation)" filename="" nodename="Damper (Animation)" componentmode="Hidden" id="89">
   <BOUNDS type="Node" left="6544" top="14960" width="100" height="100">
   </BOUNDS>
   <BOUNDS type="Box" left="6544" top="14960" width="1600" height="1600">
   </BOUNDS>
   <PIN pinname="Go To Position" visible="1">
   </PIN>
   <PIN pinname="Position Out" visible="1">
   </PIN>
   <PIN pinname="FilterTime" slicecount="1" values="0.32">
   </PIN>
   <PIN pinname="Input" visible="1">
   </PIN>
   <PIN pinname="Output" visible="1">
   </PIN>
   <PIN pinname="Attack" slicecount="1" values="0.5">
   </PIN>
   <PIN pinname="Decay" slicecount="1" values="0.5">
   </PIN>
   <PIN pinname="Cyclic" slicecount="1" values="0">
   </PIN>
   <PIN pinname="Reset" slicecount="1" values="0">
   </PIN>
   </NODE>
   <LINK srcnodeid="86" srcpinname="Output" dstnodeid="89" dstpinname="Go To Position">
   </LINK>
   <LINK srcnodeid="86" srcpinname="Output" dstnodeid="89" dstpinname="Input">
   </LINK>
   <NODE systemname="Switch (Value Input)" nodename="Switch (Value Input)" componentmode="Hidden" id="96">
   <BOUNDS type="Node" left="9384" top="10672" width="100" height="100">
   </BOUNDS>
   <PIN pinname="Switch" visible="1">
   </PIN>
   <PIN pinname="Output" visible="1">
   </PIN>
   <PIN pinname="Input 1" slicecount="1" visible="1" values="20">
   </PIN>
   <PIN pinname="Input 2" visible="1">
   </PIN>
   </NODE>
   <NODE nodename="IOBox (Value Advanced)" componentmode="InABox" id="108">
   <BOUNDS type="Box" left="10712" top="9504" width="480" height="480">
   </BOUNDS>
   <BOUNDS type="Node" left="10712" top="9504" width="0" height="0">
   </BOUNDS>
   <PIN pinname="Y Input Value" slicecount="1" visible="1" values="1">
   </PIN>
   <PIN pinname="Units" slicecount="1" values="||">
   </PIN>
   <PIN pinname="Precision" slicecount="1" values="4">
   </PIN>
   <PIN pinname="Value Type" slicecount="1" values="Boolean">
   </PIN>
   <PIN pinname="Behavior" slicecount="1" values="Press">
   </PIN>
   <PIN pinname="Descriptive Name" slicecount="1" values="Set">
   </PIN>
   <PIN pinname="Y Output Value" visible="1">
   </PIN>
   </NODE>
   <NODE nodename="IOBox (Value Advanced)" componentmode="InABox" id="111">
   <BOUNDS type="Box" left="9352" top="2952" width="696" height="208">
   </BOUNDS>
   <BOUNDS type="Node" left="9352" top="2952" width="0" height="0">
   </BOUNDS>
   <PIN pinname="Y Input Value" slicecount="1" visible="1" values="1.62">
   </PIN>
   <PIN pinname="Units" slicecount="1" values="||">
   </PIN>
   <PIN pinname="Precision" slicecount="1" values="4">
   </PIN>
   <PIN pinname="Descriptive Name" slicecount="1" values="Width">
   </PIN>
   <PIN pinname="Y Output Value" visible="1">
   </PIN>
   </NODE>
   <NODE systemname="FrameVelocity (Animation)" nodename="FrameVelocity (Animation)" componentmode="Hidden" id="112">
   <BOUNDS type="Node" left="6504" top="15488" width="100" height="100">
   </BOUNDS>
   <PIN pinname="Position" visible="1">
   </PIN>
   <PIN pinname="Velocity" visible="1">
   </PIN>
   </NODE>
   <LINK srcnodeid="89" srcpinname="Position Out" dstnodeid="112" dstpinname="Position">
   </LINK>
   <NODE systemname="S (Value)" nodename="S (Value)" componentmode="Hidden" id="113">
   <BOUNDS type="Node" left="6504" top="15872" width="100" height="100">
   </BOUNDS>
   <PIN pinname="Input Value" visible="1">
   </PIN>
   <PIN pinname="Send String" slicecount="1" values="kinect_velocity">
   </PIN>
   </NODE>
   <LINK srcnodeid="112" srcpinname="Velocity" dstnodeid="113" dstpinname="Input Value">
   </LINK>
   <NODE systemname="Vector (3d Join)" nodename="Vector (3d Join)" componentmode="Hidden" id="117">
   <BOUNDS type="Node" left="10536" top="4744" width="100" height="100">
   </BOUNDS>
   <PIN pinname="Z" visible="1" slicecount="1" values="0.12">
   </PIN>
   <PIN pinname="X" slicecount="1" visible="1" values="0.51">
   </PIN>
   <PIN pinname="Y" slicecount="1" visible="1" values="0.61">
   </PIN>
   <PIN pinname="XYZ" visible="1">
   </PIN>
   </NODE>
   <NODE systemname="Divide (Value)" nodename="Divide (Value)" componentmode="Hidden" id="119">
   <BOUNDS type="Node" left="10008" top="3552" width="100" height="100">
   </BOUNDS>
   <PIN pinname="Input" visible="1">
   </PIN>
   <PIN pinname="Input 2" visible="1">
   </PIN>
   <PIN pinname="Output" visible="1">
   </PIN>
   </NODE>
   <LINK srcnodeid="111" srcpinname="Y Output Value" dstnodeid="119" dstpinname="Input">
   </LINK>
   <LINK srcnodeid="50" srcpinname="Y Output Value" dstnodeid="119" dstpinname="Input 2">
   </LINK>
   <NODE systemname="S (Value)" nodename="S (Value)" componentmode="Hidden" id="123">
   <BOUNDS type="Node" left="11808" top="3464" width="100" height="100">
   </BOUNDS>
   <PIN pinname="Input Value" visible="1">
   </PIN>
   <PIN pinname="Send String" slicecount="1" values="kinect_spread">
   </PIN>
   </NODE>
   <LINK srcnodeid="50" srcpinname="Y Output Value" dstnodeid="123" dstpinname="Input Value">
   </LINK>
   <NODE systemname="Add (Value Spectral)" nodename="Add (Value Spectral)" componentmode="Hidden" id="124">
   <BOUNDS type="Node" left="8432" top="13624" width="100" height="100">
   </BOUNDS>
   <PIN pinname="Input" visible="1">
   </PIN>
   <PIN pinname="Output" visible="1">
   </PIN>
   </NODE>
   <LINK srcnodeid="63" srcpinname="Output" dstnodeid="124" dstpinname="Input">
   </LINK>
   <NODE systemname="EQ (Value)" nodename="EQ (Value)" componentmode="Hidden" id="125">
   <BOUNDS type="Node" left="8432" top="14112" width="100" height="100">
   </BOUNDS>
   <PIN pinname="Input 1" visible="1">
   </PIN>
   <PIN pinname="Output" visible="1">
   </PIN>
   <PIN pinname="Inverse Output" visible="1">
   </PIN>
   </NODE>
   <LINK srcnodeid="124" srcpinname="Output" dstnodeid="125" dstpinname="Input 1">
   </LINK>
   <NODE systemname="Switch (Value Input)" nodename="Switch (Value Input)" componentmode="Hidden" id="127">
   <BOUNDS type="Node" left="8432" top="15424" width="100" height="100">
   </BOUNDS>
   <PIN pinname="Input 1" visible="1">
   </PIN>
   <PIN pinname="Switch" visible="1">
   </PIN>
   <PIN pinname="Output" visible="1">
   </PIN>
   <PIN pinname="Input 2" slicecount="1" values="-1">
   </PIN>
   </NODE>
   <LINK srcnodeid="86" srcpinname="Output" dstnodeid="127" dstpinname="Input 1">
   </LINK>
   <LINK srcnodeid="125" srcpinname="Output" dstnodeid="127" dstpinname="Switch">
   </LINK>
   <LINK srcnodeid="127" srcpinname="Output" dstnodeid="80" dstpinname="Input Value">
   </LINK>
   <NODE nodename="IOBox (Value Advanced)" componentmode="InABox" id="133">
   <BOUNDS type="Box" left="2264" top="6512" width="795" height="720">
   </BOUNDS>
   <BOUNDS type="Node" left="2264" top="6512" width="0" height="0">
   </BOUNDS>
   <PIN pinname="Y Input Value" slicecount="3" visible="1" values="0.76,-0.03,-0.68">
   </PIN>
   <PIN pinname="Units" slicecount="1" values="||">
   </PIN>
   <PIN pinname="Precision" slicecount="1" values="4">
   </PIN>
   <PIN pinname="Rows" slicecount="1" values="4">
   </PIN>
   <PIN pinname="Vector Size" slicecount="1" values="3">
   </PIN>
   <PIN pinname="Default" slicecount="1" values="|0, 0, 0|">
   </PIN>
   <PIN pinname="Y Output Value" visible="1">
   </PIN>
   <PIN pinname="Descriptive Name" slicecount="1" values="trigger">
   </PIN>
   </NODE>
   <NODE systemname="R (Value)" nodename="R (Value)" componentmode="Hidden" id="138">
   <BOUNDS type="Node" left="1512" top="6008" width="100" height="100">
   </BOUNDS>
   <PIN pinname="Receive String" slicecount="1" values="kinect_distance">
   </PIN>
   <PIN pinname="Input Value" visible="1">
   </PIN>
   </NODE>
   <NODE systemname="S (Value)" nodename="S (Value)" componentmode="Hidden" id="140">
   <BOUNDS type="Node" left="920" top="10320" width="100" height="100">
   </BOUNDS>
   <PIN pinname="Input Value" slicecount="1" visible="1" values="NAN">
   </PIN>
   <PIN pinname="Send String" slicecount="1" values="kinect_trigger">
   </PIN>
   </NODE>
   <NODE systemname="TogEdge (Animation)" nodename="TogEdge (Animation)" componentmode="Hidden" id="142">
   <BOUNDS type="Node" left="904" top="9960" width="100" height="100">
   </BOUNDS>
   <PIN pinname="Input" visible="1">
   </PIN>
   <PIN pinname="Up Edge" visible="1">
   </PIN>
   </NODE>
   <LINK srcnodeid="142" srcpinname="Up Edge" dstnodeid="140" dstpinname="Input Value">
   </LINK>
   <NODE systemname="S (Value)" nodename="S (Value)" componentmode="Hidden" id="144">
   <BOUNDS type="Node" left="9286" top="15102" width="100" height="100">
   </BOUNDS>
   <PIN pinname="Send String" slicecount="1" values="kinect_userTimeout">
   </PIN>
   <PIN pinname="Input Value" visible="1" slicecount="1" values="0">
   </PIN>
   </NODE>
   <NODE id="114" systemname="Transform (Transform 3d Vector)" nodename="Transform (Transform 3d Vector)" componentmode="Hidden">
   <BOUNDS type="Node" left="6791" top="3639" width="100" height="100">
   </BOUNDS>
   <PIN pinname="TranslateZ" visible="1">
   </PIN>
   <PIN pinname="TranslateX" slicecount="1" values="0.35">
   </PIN>
   <PIN pinname="Pitch" slicecount="1" visible="1" values="-0.02">
   </PIN>
   <PIN pinname="Transform Out" visible="1">
   </PIN>
   <PIN pinname="Translate XYZ" visible="1">
   </PIN>
   <PIN pinname="Rotate XYZ" visible="1">
   </PIN>
   <PIN pinname="Transform In" slicecount="1" visible="1" values="||">
   </PIN>
   </NODE>
   <LINK srcnodeid="114" srcpinname="Transform Out" dstnodeid="51" dstpinname="Transform In">
   </LINK>
   <NODE nodename="IOBox (Value Advanced)" componentmode="InABox" id="147">
   <BOUNDS type="Box" left="6768" top="2520" width="696" height="624">
   </BOUNDS>
   <BOUNDS type="Node" left="6768" top="2520" width="0" height="0">
   </BOUNDS>
   <PIN pinname="Y Input Value" slicecount="3" visible="1" values="0,0,0">
   </PIN>
   <PIN pinname="Units" slicecount="1" values="||">
   </PIN>
   <PIN pinname="Precision" slicecount="1" values="4">
   </PIN>
   <PIN pinname="Vector Size" slicecount="1" values="3">
   </PIN>
   <PIN pinname="Rows" slicecount="1" values="3">
   </PIN>
   <PIN pinname="Descriptive Name" slicecount="1" values="|Translate XYZ|">
   </PIN>
   <PIN pinname="Y Output Value" visible="1">
   </PIN>
   </NODE>
   <LINK srcnodeid="147" srcpinname="Y Output Value" dstnodeid="114" dstpinname="Translate XYZ">
   </LINK>
   <NODE systemname="S (Value)" nodename="S (Value)" componentmode="Hidden" id="155">
   <BOUNDS type="Node" left="2056" top="9786" width="100" height="100">
   </BOUNDS>
   <PIN pinname="Input Value" visible="1">
   </PIN>
   <PIN pinname="Send String" slicecount="1" values="kinect_toggle">
   </PIN>
   </NODE>
   <NODE systemname="TimerFlop (Animation)" nodename="TimerFlop (Animation)" componentmode="Hidden" id="168" filename="%VVVV%\addonpack\lib\nodes\plugins\TimerFlop.dll">
   <BOUNDS type="Node" left="9040" top="14504" width="100" height="100">
   </BOUNDS>
   <PIN pinname="Time" slicecount="1" visible="1" values="5">
   </PIN>
   <PIN pinname="Set" visible="1">
   </PIN>
   <PIN pinname="Output" visible="1">
   </PIN>
   </NODE>
   <NODE nodename="IOBox (Value Advanced)" componentmode="InABox" id="164">
   <BOUNDS type="Box" left="9800" top="14056" width="696" height="208">
   </BOUNDS>
   <BOUNDS type="Node" left="9800" top="14056" width="0" height="0">
   </BOUNDS>
   <PIN pinname="Y Input Value" slicecount="1" visible="1" values="5">
   </PIN>
   <PIN pinname="Units" slicecount="1" values="||">
   </PIN>
   <PIN pinname="Precision" slicecount="1" values="4">
   </PIN>
   </NODE>
   <LINK srcnodeid="164" srcpinname="Y Output Value" dstnodeid="168" dstpinname="Time">
   </LINK>
   <LINK srcnodeid="125" srcpinname="Output" dstnodeid="168" dstpinname="Set">
   </LINK>
   <NODE systemname="Vector (2d Split)" nodename="Vector (2d Split)" componentmode="Hidden" id="174">
   <BOUNDS type="Node" left="10568" top="4352" width="100" height="100">
   </BOUNDS>
   <PIN pinname="X" visible="1">
   </PIN>
   <PIN pinname="Y" visible="1">
   </PIN>
   <PIN pinname="XY" visible="1">
   </PIN>
   </NODE>
   <LINK srcnodeid="174" srcpinname="X" dstnodeid="117" dstpinname="X">
   </LINK>
   <LINK srcnodeid="174" srcpinname="Y" dstnodeid="117" dstpinname="Y">
   </LINK>
   <NODE nodename="IOBox (Value Advanced)" componentmode="InABox" id="175">
   <BOUNDS type="Box" left="10616" top="3840" width="696" height="416">
   </BOUNDS>
   <BOUNDS type="Node" left="10616" top="3840" width="0" height="0">
   </BOUNDS>
   <PIN pinname="Y Input Value" slicecount="2" visible="1" values="0,0">
   </PIN>
   <PIN pinname="Units" slicecount="1" values="||">
   </PIN>
   <PIN pinname="Precision" slicecount="1" values="4">
   </PIN>
   <PIN pinname="Vector Size" slicecount="1" values="2">
   </PIN>
   <PIN pinname="Rows" slicecount="1" values="2">
   </PIN>
   <PIN pinname="Descriptive Name" slicecount="1" values="sizeXY">
   </PIN>
   </NODE>
   <LINK srcnodeid="175" srcpinname="Y Output Value" dstnodeid="174" dstpinname="XY">
   </LINK>
   <NODE systemname="Add (Value Spectral)" nodename="Add (Value Spectral)" componentmode="Hidden" id="176">
   <BOUNDS type="Node" left="2788" top="8458" width="100" height="100">
   </BOUNDS>
   <PIN pinname="Input" visible="1">
   </PIN>
   <PIN pinname="Output" visible="1">
   </PIN>
   </NODE>
   <NODE systemname="S (Value)" nodename="S (Value)" componentmode="Hidden" id="177">
   <BOUNDS type="Node" left="2800" top="9112" width="100" height="100">
   </BOUNDS>
   <PIN pinname="Input Value" visible="1">
   </PIN>
   <PIN pinname="Send String" slicecount="1" values="kinect_area">
   </PIN>
   </NODE>
   <NODE systemname="Switch (Value Input)" nodename="Switch (Value Input)" componentmode="Hidden" id="178">
   <BOUNDS type="Node" left="9128" top="12040" width="100" height="100">
   </BOUNDS>
   <PIN pinname="Output" visible="1">
   </PIN>
   <PIN pinname="Input 1" visible="1">
   </PIN>
   <PIN pinname="Switch" visible="1">
   </PIN>
   <PIN pinname="Input 2" visible="1">
   </PIN>
   </NODE>
   <NODE systemname="kinect_preview" filename="kinect_preview.v4p" nodename="kinect_preview.v4p" componentmode="Hidden" id="179" hiddenwhenlocked="1">
   <BOUNDS type="Node" left="4984" top="10285" width="0" height="0">
   </BOUNDS>
   <BOUNDS type="Box" left="1632" top="5488" width="7266" height="9595">
   </BOUNDS>
   <BOUNDS type="Window" left="6448" top="1736" width="7264" height="8752">
   </BOUNDS>
   <PIN pinname="HelperEnabled" visible="1" slicecount="1" values="1">
   </PIN>
   <PIN pinname="Evaluate" visible="1" pintype="Input" slicecount="1" values="1">
   </PIN>
   <PIN pinname="Input" visible="1" slicecount="4" values="0.91,0.7,0.495,0.245">
   </PIN>
   <PIN pinname="Transform In" visible="1" slicecount="1" values="||">
   </PIN>
   <PIN pinname="width" visible="1">
   </PIN>
   <PIN pinname="trigger" visible="1">
   </PIN>
   </NODE>
   <LINK srcnodeid="30" srcpinname="Help Layer" dstnodeid="179" dstpinname="Layer 3" hiddenwhenlocked="1">
   </LINK>
   <LINK srcnodeid="5" srcpinname="ParticleSystemBuffers" dstnodeid="179" dstpinname="ParticleSystemBuffers" hiddenwhenlocked="1">
   </LINK>
   <LINK srcnodeid="111" srcpinname="Y Output Value" dstnodeid="179" dstpinname="Input 2" hiddenwhenlocked="1">
   </LINK>
   <LINK srcnodeid="90" srcpinname="Y Output Value" dstnodeid="179" dstpinname="Evaluate">
   </LINK>
   <NODE systemname="FrameDelay (Value)" filename="%VVVV%\lib\nodes\plugins\VVVV.Nodes.dll" nodename="FrameDelay (Value)" componentmode="Hidden" id="180" hiddenwhenlocked="1">
   <BOUNDS type="Node" left="9144" top="12392" width="100" height="100">
   </BOUNDS>
   <BOUNDS type="Box" left="9144" top="12392" width="1600" height="1600">
   </BOUNDS>
   <PIN pinname="Output 1" visible="1">
   </PIN>
   <PIN pinname="Input 1" visible="1">
   </PIN>
   </NODE>
   <NODE systemname="AvoidNIL (Spreads)" filename="%VVVV%\lib\nodes\modules\Spreads\AvoidNIL (Spreads).v4p" nodename="AvoidNIL (Spreads)" componentmode="Hidden" id="181" hiddenwhenlocked="1">
   <BOUNDS type="Node" left="9104" top="12808" width="100" height="100">
   </BOUNDS>
   <PIN pinname="Input" visible="1">
   </PIN>
   <PIN pinname="Output" visible="1">
   </PIN>
   </NODE>
   <LINK srcnodeid="180" srcpinname="Output 1" dstnodeid="181" dstpinname="Input" hiddenwhenlocked="1">
   </LINK>
   <LINK srcnodeid="178" srcpinname="Output" dstnodeid="180" dstpinname="Input 1" hiddenwhenlocked="1">
   </LINK>
   <LINK srcnodeid="181" srcpinname="Output" dstnodeid="178" dstpinname="Input 1" hiddenwhenlocked="1">
   <LINKPOINT x="8784" y="13096">
   </LINKPOINT>
   <LINKPOINT x="8776" y="11744">
   </LINKPOINT>
   <LINKPOINT x="9368" y="11736">
   </LINKPOINT>
   </LINK>
   <LINK srcnodeid="108" srcpinname="Y Output Value" dstnodeid="178" dstpinname="Switch" hiddenwhenlocked="1">
   </LINK>
   <LINK srcnodeid="66" srcpinname="Output" dstnodeid="178" dstpinname="Input 2">
   </LINK>
   <LINK srcnodeid="178" srcpinname="Output" dstnodeid="63" dstpinname="Input 2">
   </LINK>
   <NODE nodename="IOBox (String)" componentmode="InABox" id="182">
   <BOUNDS type="Node" left="10296" top="12336" width="424" height="216">
   </BOUNDS>
   <BOUNDS type="Box" left="10296" top="12336" width="1768" height="920">
   </BOUNDS>
   <PIN pinname="Input String" visible="0" slicecount="1" values="|save values or will be lost after restart|">
   </PIN>
   <PIN pinname="Output String" visible="0">
   </PIN>
   <PIN pinname="Show Grid" slicecount="1" values="0">
   </PIN>
   <PIN pinname="String Type" slicecount="1" values="MultiLine">
   </PIN>
   </NODE>
   <LINK srcnodeid="133" srcpinname="Y Output Value" dstnodeid="179" dstpinname="Input" hiddenwhenlocked="1">
   </LINK>
   <LINK srcnodeid="117" srcpinname="XYZ" dstnodeid="51" dstpinname="Scale XYZ">
   <LINKPOINT x="8716" y="5164">
   </LINKPOINT>
   </LINK>
   <NODE systemname="Multiply (Value)" nodename="Multiply (Value)" componentmode="Hidden" id="190">
   <BOUNDS type="Node" left="9184" top="3648" width="100" height="100">
   </BOUNDS>
   <PIN pinname="Input 2" slicecount="1" values="-1">
   </PIN>
   <PIN pinname="Input 1" visible="1">
   </PIN>
   <PIN pinname="Output" visible="1">
   </PIN>
   </NODE>
   <LINK srcnodeid="111" srcpinname="Y Output Value" dstnodeid="190" dstpinname="Input 1">
   </LINK>
   <NODE systemname="Sort (Spreads)" nodename="Sort (Spreads)" componentmode="Hidden" id="192">
   <BOUNDS type="Node" left="7064" top="12384" width="100" height="100">
   </BOUNDS>
   <PIN pinname="Input" visible="1">
   </PIN>
   <PIN pinname="Output" visible="1">
   </PIN>
   </NODE>
   <NODE systemname="Reverse (Spreads)" nodename="Reverse (Spreads)" componentmode="Hidden" id="194">
   <BOUNDS type="Node" left="7064" top="12752" width="100" height="100">
   </BOUNDS>
   <PIN pinname="Input" visible="1">
   </PIN>
   <PIN pinname="Output" visible="1">
   </PIN>
   </NODE>
   <LINK srcnodeid="192" srcpinname="Output" dstnodeid="194" dstpinname="Input">
   </LINK>
   <LINK srcnodeid="194" srcpinname="Output" dstnodeid="83" dstpinname="Input">
   </LINK>
   <LINK srcnodeid="119" srcpinname="Output" dstnodeid="117" dstpinname="Z">
   </LINK>
   <LINK srcnodeid="190" srcpinname="Output" dstnodeid="49" dstpinname="Width">
   </LINK>
   <LINK srcnodeid="111" srcpinname="Y Output Value" dstnodeid="179" dstpinname="width" hiddenwhenlocked="1">
   </LINK>
   <LINK srcnodeid="133" srcpinname="Y Output Value" dstnodeid="179" dstpinname="trigger" hiddenwhenlocked="1">
   </LINK>
   <LINK srcnodeid="114" srcpinname="Transform Out" dstnodeid="179" dstpinname="Transform In" hiddenwhenlocked="1">
   </LINK>
   <NODE systemname="GE (Value)" nodename="GE (Value)" componentmode="Hidden" id="139">
   <BOUNDS type="Node" left="2016" top="7464" width="100" height="100">
   </BOUNDS>
   <PIN pinname="Input 2" visible="1">
   </PIN>
   <PIN pinname="Input 1" visible="1">
   </PIN>
   <PIN pinname="Output" visible="1">
   </PIN>
   </NODE>
   <LINK srcnodeid="138" srcpinname="Input Value" dstnodeid="139" dstpinname="Input 1">
   </LINK>
   <LINK srcnodeid="133" srcpinname="Y Output Value" dstnodeid="139" dstpinname="Input 2">
   </LINK>
   <LINK srcnodeid="81" srcpinname="Output" dstnodeid="192" dstpinname="Input">
   </LINK>
   <NODE systemname="Subtract (Value)" nodename="Subtract (Value)" componentmode="Hidden" id="222">
   <BOUNDS type="Node" left="7784" top="13576" width="100" height="100">
   </BOUNDS>
   <PIN pinname="Input 1" visible="1">
   </PIN>
   <PIN pinname="Input 2" slicecount="1" values="1">
   </PIN>
   <PIN pinname="Output" visible="1">
   </PIN>
   </NODE>
   <LINK srcnodeid="87" srcpinname="Y Output Value" dstnodeid="222" dstpinname="Input 1">
   </LINK>
   <LINK srcnodeid="222" srcpinname="Output" dstnodeid="86" dstpinname="Source Maximum">
   </LINK>
   <LINK srcnodeid="57" srcpinname="Output" dstnodeid="96" dstpinname="Input 1">
   </LINK>
   <LINK srcnodeid="96" srcpinname="Output" dstnodeid="59" dstpinname="Input 1">
   </LINK>
   <LINK srcnodeid="4" srcpinname="Element Count" dstnodeid="96" dstpinname="Input 2">
   </LINK>
   <LINK srcnodeid="108" srcpinname="Y Output Value" dstnodeid="66" dstpinname="Set" hiddenwhenlocked="1">
   </LINK>
   <LINK srcnodeid="108" srcpinname="Y Output Value" dstnodeid="96" dstpinname="Switch" hiddenwhenlocked="1">
   </LINK>
   <NODE systemname="Queue (Spreads)" filename="%VVVV%\lib\nodes\plugins\VVVV.Nodes.dll" nodename="Queue (Spreads)" componentmode="Hidden" id="223">
   <BOUNDS type="Node" left="4152" top="16760" width="100" height="100">
   </BOUNDS>
   <BOUNDS type="Box" left="4152" top="16760" width="1600" height="1600">
   </BOUNDS>
   <PIN pinname="Frame Count" slicecount="1" values="400">
   </PIN>
   <PIN pinname="Input" visible="1" slicecount="1" values="0">
   </PIN>
   <PIN pinname="Insert" visible="1" slicecount="1" values="0">
   </PIN>
   <PIN pinname="Output" visible="1">
   </PIN>
   <PIN pinname="Reset" slicecount="1" values="0">
   </PIN>
   </NODE>
   <NODE systemname="Add (Value Spectral)" nodename="Add (Value Spectral)" componentmode="Hidden" id="225">
   <BOUNDS type="Node" left="4144" top="17152" width="100" height="100">
   </BOUNDS>
   <PIN pinname="Input" visible="1">
   </PIN>
   <PIN pinname="Output" visible="1">
   </PIN>
   </NODE>
   <LINK srcnodeid="223" srcpinname="Output" dstnodeid="225" dstpinname="Input">
   </LINK>
   <NODE systemname="ADSR (Animation)" nodename="ADSR (Animation)" componentmode="Hidden" id="226">
   <BOUNDS type="Node" left="2040" top="8056" width="100" height="100">
   </BOUNDS>
   <PIN pinname="Input" visible="1">
   </PIN>
   <PIN pinname="Output" visible="1">
   </PIN>
   <PIN pinname="Decay Time" slicecount="1" visible="1" values="0.5">
   </PIN>
   <PIN pinname="Release Time" slicecount="1" values="0">
   </PIN>
   </NODE>
   <LINK srcnodeid="139" srcpinname="Output" dstnodeid="226" dstpinname="Input">
   </LINK>
   <NODE systemname="EQ (Value)" nodename="EQ (Value)" componentmode="Hidden" id="227">
   <BOUNDS type="Node" left="2042" top="8534" width="100" height="100">
   </BOUNDS>
   <PIN pinname="Input 2" slicecount="1" values="1">
   </PIN>
   <PIN pinname="Input 1" visible="1">
   </PIN>
   <PIN pinname="Output" visible="1">
   </PIN>
   </NODE>
   <LINK srcnodeid="226" srcpinname="Output" dstnodeid="227" dstpinname="Input 1">
   </LINK>
   <NODE systemname="IOBox (Value Advanced)" nodename="IOBox (Value Advanced)" componentmode="InABox" id="228">
   <BOUNDS type="Node" left="3304" top="6880" width="100" height="100">
   </BOUNDS>
   <BOUNDS type="Box" left="3304" top="6880" width="448" height="928">
   </BOUNDS>
   <PIN pinname="Rows" slicecount="1" values="4">
   </PIN>
   <PIN pinname="Y Input Value" slicecount="4" values="2,0.5,0.3,0.3">
   </PIN>
   <PIN pinname="Vector Size" slicecount="1" values="4">
   </PIN>
   <PIN pinname="Default" slicecount="1" values="|0, 0, 0, 1|">
   </PIN>
   <PIN pinname="Y Output Value" visible="1">
   </PIN>
   </NODE>
   <LINK srcnodeid="228" srcpinname="Y Output Value" dstnodeid="226" dstpinname="Decay Time">
   </LINK>
   <NODE nodename="IOBox (String)" componentmode="InABox" id="229">
   <BOUNDS type="Node" left="3224" top="6312" width="1912" height="216">
   </BOUNDS>
   <BOUNDS type="Box" left="3224" top="6312" width="1096" height="496">
   </BOUNDS>
   <PIN pinname="Input String" visible="0" slicecount="1" values="|less nervous trigger change|">
   </PIN>
   <PIN pinname="Output String" visible="0">
   </PIN>
   <PIN pinname="Show Grid" slicecount="1" values="0">
   </PIN>
   <PIN pinname="String Type" slicecount="1" values="MultiLine">
   </PIN>
   </NODE>
   <NODE nodename="IOBox (Value Advanced)" componentmode="InABox" id="230">
   <BOUNDS type="Box" left="4144" top="18096" width="696" height="208">
   </BOUNDS>
   <BOUNDS type="Node" left="4144" top="18096" width="0" height="0">
   </BOUNDS>
   <PIN pinname="Units" slicecount="1" values="||">
   </PIN>
   <PIN pinname="Precision" slicecount="1" values="4">
   </PIN>
   <PIN pinname="Y Input Value" visible="1">
   </PIN>
   <PIN pinname="Y Output Value" visible="1">
   </PIN>
   </NODE>
   <NODE id="231" systemname="GT (Value)" nodename="GT (Value)" componentmode="Hidden" hiddenwhenlocked="0" managers="">
   <PIN pinname="Output" visible="1" pintype="Output">
   </PIN>
   <BOUNDS type="Node" left="4064" top="15480" width="100" height="100">
   </BOUNDS>
   <PIN pinname="Input 1" visible="1" pintype="Input" slicecount="1" values="0">
   </PIN>
   <PIN pinname="Descriptive Name" pintype="Configuration" slicecount="1" values="||">
   </PIN>
   <PIN pinname="Tag" pintype="Configuration" slicecount="1" values="||">
   </PIN>
   <PIN pinname="Input Count" pintype="Configuration" slicecount="1" values="2">
   </PIN>
   <PIN pinname="" pintype="Input" slicecount="1" values="0">
   </PIN>
   <PIN pinname="Input 2" pintype="Input" visible="1" slicecount="1" values="0">
   </PIN>
   <PIN pinname="ID" pintype="Output" visible="-1">
   </PIN>
   </NODE>
   <NODE systemname="LFO (Animation)" nodename="LFO (Animation)" componentmode="Hidden" id="243">
   <BOUNDS type="Node" left="5112" top="16112" width="100" height="100">
   </BOUNDS>
   <PIN pinname="Period" visible="1">
   </PIN>
   <PIN pinname="Change" visible="1">
   </PIN>
   <PIN pinname="Output" visible="1">
   </PIN>
   </NODE>
   <NODE nodename="IOBox (Value Advanced)" componentmode="InABox" id="244">
   <BOUNDS type="Box" left="5104" top="15816" width="696" height="208">
   </BOUNDS>
   <BOUNDS type="Node" left="5104" top="15816" width="0" height="0">
   </BOUNDS>
   <PIN pinname="Y Input Value" slicecount="1" visible="1" values="0.1">
   </PIN>
   <PIN pinname="Units" slicecount="1" values="s">
   </PIN>
   <PIN pinname="Precision" slicecount="1" values="4">
   </PIN>
   </NODE>
   <LINK srcnodeid="244" srcpinname="Y Output Value" dstnodeid="243" dstpinname="Period">
   </LINK>
   <NODE systemname="Map (Value)" filename="" nodename="Map (Value)" componentmode="Hidden" id="245">
   <BOUNDS type="Node" left="4144" top="17712" width="100" height="100">
   </BOUNDS>
   <PIN pinname="Input" visible="1">
   </PIN>
   <PIN pinname="Output" visible="1">
   </PIN>
   <PIN pinname="Source Maximum" visible="1">
   </PIN>
   <PIN pinname="Mapping" slicecount="1" values="Clamp">
   </PIN>
   </NODE>
   <LINK srcnodeid="225" srcpinname="Output" dstnodeid="245" dstpinname="Input">
   </LINK>
   <LINK srcnodeid="245" srcpinname="Output" dstnodeid="230" dstpinname="Y Input Value">
   </LINK>
   <NODE nodename="IOBox (Value Advanced)" componentmode="InABox" id="246">
   <BOUNDS type="Box" left="5088" top="17304" width="696" height="208">
   </BOUNDS>
   <BOUNDS type="Node" left="5088" top="17304" width="0" height="0">
   </BOUNDS>
   <PIN pinname="Y Input Value" slicecount="1" visible="1" values="100">
   </PIN>
   <PIN pinname="Units" slicecount="1" values="||">
   </PIN>
   <PIN pinname="Precision" slicecount="1" values="4">
   </PIN>
   </NODE>
   <LINK srcnodeid="246" srcpinname="Y Output Value" dstnodeid="245" dstpinname="Source Maximum">
   </LINK>
   <NODE systemname="S (Value)" nodename="S (Value)" componentmode="Hidden" id="247">
   <BOUNDS type="Node" left="4146" top="18576" width="100" height="100">
   </BOUNDS>
   <PIN pinname="Input Value" visible="1">
   </PIN>
   <PIN pinname="Send String" slicecount="1" values="kinect_activity">
   </PIN>
   </NODE>
   <LINK srcnodeid="230" srcpinname="Y Output Value" dstnodeid="247" dstpinname="Input Value">
   </LINK>
   <NODE systemname="Switch (Value Input)" nodename="Switch (Value Input)" componentmode="Hidden" id="248">
   <BOUNDS type="Node" left="4144" top="15856" width="100" height="100">
   </BOUNDS>
   <PIN pinname="Input 2" visible="1">
   </PIN>
   <PIN pinname="Input 1" visible="1">
   </PIN>
   </NODE>
   <LINK srcnodeid="231" srcpinname="Output" dstnodeid="248" dstpinname="Switch">
   </LINK>
   <LINK srcnodeid="248" srcpinname="Output" dstnodeid="223" dstpinname="Input">
   </LINK>
   <NODE nodename="IOBox (Value Advanced)" componentmode="InABox" id="249">
   <BOUNDS type="Box" left="4456" top="14112" width="696" height="208">
   </BOUNDS>
   <BOUNDS type="Node" left="4456" top="14112" width="0" height="0">
   </BOUNDS>
   <PIN pinname="Y Input Value" slicecount="1" visible="1" values="-0.02">
   </PIN>
   <PIN pinname="Units" slicecount="1" values="||">
   </PIN>
   <PIN pinname="Precision" slicecount="1" values="4">
   </PIN>
   <PIN pinname="Y Output Value" visible="1">
   </PIN>
   </NODE>
   <NODE systemname="Switch (Value Input)" nodename="Switch (Value Input)" componentmode="Hidden" id="251">
   <BOUNDS type="Node" left="4344" top="14552" width="100" height="100">
   </BOUNDS>
   <PIN pinname="Input" visible="1">
   </PIN>
   <PIN pinname="Output" visible="1">
   </PIN>
   <PIN pinname="Input 1" visible="1" slicecount="1" values="0.910067369695753">
   </PIN>
   <PIN pinname="Switch" visible="1">
   </PIN>
   </NODE>
   <LINK srcnodeid="243" srcpinname="Change" dstnodeid="251" dstpinname="Input">
   </LINK>
   <NODE systemname="FrameDelay (Value)" filename="%VVVV%\lib\nodes\plugins\VVVV.Nodes.dll" nodename="FrameDelay (Value)" componentmode="Hidden" id="253" hiddenwhenlocked="1">
   <BOUNDS type="Node" left="3000" top="17784" width="100" height="100">
   </BOUNDS>
   <BOUNDS type="Box" left="3000" top="17784" width="1600" height="1600">
   </BOUNDS>
   <PIN pinname="Input 1" visible="1" slicecount="1" values="1">
   </PIN>
   <PIN pinname="Output 1" visible="1">
   </PIN>
   </NODE>
   <NODE systemname="AvoidNIL (Spreads)" filename="%VVVV%\lib\nodes\modules\Spreads\AvoidNIL (Spreads).v4p" nodename="AvoidNIL (Spreads)" componentmode="Hidden" id="254" hiddenwhenlocked="1">
   <BOUNDS type="Node" left="2944" top="18088" width="100" height="100">
   </BOUNDS>
   <PIN pinname="Input" visible="1">
   </PIN>
   <PIN pinname="Output" visible="1">
   </PIN>
   </NODE>
   <LINK srcnodeid="253" srcpinname="Output 1" dstnodeid="254" dstpinname="Input" hiddenwhenlocked="1">
   </LINK>
   <LINK srcnodeid="249" srcpinname="Y Output Value" dstnodeid="251" dstpinname="Input 1">
   </LINK>
   <LINK srcnodeid="251" srcpinname="Output" dstnodeid="248" dstpinname="Input 1">
   </LINK>
   <LINK srcnodeid="254" srcpinname="Output" dstnodeid="251" dstpinname="Switch" hiddenwhenlocked="1">
   <LINKPOINT x="2751" y="18189">
   </LINKPOINT>
   <LINKPOINT x="3001" y="14611">
   </LINKPOINT>
   </LINK>
   <NODE systemname="FrameVelocity (Animation)" nodename="FrameVelocity (Animation)" componentmode="Hidden" id="255">
   <BOUNDS type="Node" left="4648" top="15112" width="100" height="100">
   </BOUNDS>
   <PIN pinname="Position" visible="1" slicecount="1" values="0">
   </PIN>
   <PIN pinname="Velocity" visible="1">
   </PIN>
   </NODE>
   <LINK srcnodeid="86" srcpinname="Output" dstnodeid="255" dstpinname="Position">
   </LINK>
   <LINK srcnodeid="255" srcpinname="Velocity" dstnodeid="248" dstpinname="Input 2">
   </LINK>
   <LINK srcnodeid="255" srcpinname="Velocity" dstnodeid="231" dstpinname="Input 1">
   </LINK>
   <NODE systemname="LT (Value)" nodename="LT (Value)" componentmode="Hidden" id="252" hiddenwhenlocked="0">
   <BOUNDS type="Node" left="3040" top="17344" width="100" height="100">
   </BOUNDS>
   <PIN pinname="Output" visible="1">
   </PIN>
   <PIN pinname="Input 1" visible="1">
   </PIN>
   </NODE>
   <LINK srcnodeid="252" srcpinname="Output" dstnodeid="253" dstpinname="Input 1" hiddenwhenlocked="1">
   </LINK>
   <LINK srcnodeid="225" srcpinname="Output" dstnodeid="252" dstpinname="Input 1" hiddenwhenlocked="0">
   </LINK>
   <LINK srcnodeid="243" srcpinname="Change" dstnodeid="223" dstpinname="Insert">
   </LINK>
   <NODE nodename="IOBox (Value Advanced)" componentmode="InABox" id="256">
   <BOUNDS type="Box" left="8080" top="2380" width="800" height="720">
   </BOUNDS>
   <BOUNDS type="Node" left="8080" top="2380" width="0" height="0">
   </BOUNDS>
   <PIN pinname="Y Input Value" slicecount="3" visible="1" values="0,0,0">
   </PIN>
   <PIN pinname="Units" slicecount="1" values="||">
   </PIN>
   <PIN pinname="Precision" slicecount="1" values="4">
   </PIN>
   <PIN pinname="Vector Size" slicecount="1" values="3">
   </PIN>
   <PIN pinname="Rows" slicecount="1" values="3">
   </PIN>
   <PIN pinname="Descriptive Name" slicecount="1" values="Rotate">
   </PIN>
   </NODE>
   <LINK srcnodeid="256" srcpinname="Y Output Value" dstnodeid="114" dstpinname="Rotate XYZ">
   </LINK>
   <NODE nodename="IOBox (Value Advanced)" componentmode="InABox" id="257">
   <BOUNDS type="Box" left="910" top="7420" width="480" height="1250">
   </BOUNDS>
   <BOUNDS type="Node" left="910" top="7420" width="0" height="0">
   </BOUNDS>
   <PIN pinname="Units" slicecount="1" values="||">
   </PIN>
   <PIN pinname="Precision" slicecount="1" values="4">
   </PIN>
   <PIN pinname="Value Type" slicecount="1" values="Boolean">
   </PIN>
   <PIN pinname="Behavior" slicecount="1" values="Toggle">
   </PIN>
   <PIN pinname="SliceCount Mode" slicecount="1" values="ColsRowsPages">
   </PIN>
   <PIN pinname="Rows" slicecount="1" values="4">
   </PIN>
   <PIN pinname="Y Input Value" visible="1" slicecount="4" values="1,1,1,0">
   </PIN>
   <PIN pinname="X Input Value" slicecount="4" values="1,1,1,0">
   </PIN>
   <PIN pinname="Y Output Value" visible="1">
   </PIN>
   <PIN pinname="Descriptive Name" slicecount="1" values="|Input - Input Value|">
   </PIN>
   </NODE>
   <LINK srcnodeid="257" srcpinname="Y Output Value" dstnodeid="155" dstpinname="Input Value">
   </LINK>
   <LINK srcnodeid="257" srcpinname="Y Output Value" dstnodeid="176" dstpinname="Input">
   </LINK>
   <LINK srcnodeid="176" srcpinname="Output" dstnodeid="177" dstpinname="Input Value">
   </LINK>
   <NODE nodename="IOBox (Value Advanced)" componentmode="InABox" id="259">
   <BOUNDS type="Box" left="9020" top="14790" width="800" height="240">
   </BOUNDS>
   <BOUNDS type="Node" left="9020" top="14790" width="0" height="0">
   </BOUNDS>
   <PIN pinname="Y Input Value" slicecount="1" visible="1" values="0">
   </PIN>
   <PIN pinname="Units" slicecount="1" values="||">
   </PIN>
   <PIN pinname="Precision" slicecount="1" values="4">
   </PIN>
   </NODE>
   <NODE nodename="IOBox (Value Advanced)" componentmode="InABox" id="260">
   <BOUNDS type="Box" left="2600" top="10430" width="480" height="480">
   </BOUNDS>
   <BOUNDS type="Node" left="2600" top="10430" width="0" height="0">
   </BOUNDS>
   <PIN pinname="Y Input Value" slicecount="1" visible="1" values="0">
   </PIN>
   <PIN pinname="Units" slicecount="1" values="||">
   </PIN>
   <PIN pinname="Precision" slicecount="1" values="4">
   </PIN>
   <PIN pinname="Value Type" slicecount="1" values="Boolean">
   </PIN>
   <PIN pinname="Behavior" slicecount="1" values="Press">
   </PIN>
   <PIN pinname="X Input Value" slicecount="1" values="0">
   </PIN>
   </NODE>
   <LINK srcnodeid="260" srcpinname="Y Output Value" dstnodeid="144" dstpinname="Input Value">
   </LINK>
   <LINK srcnodeid="257" srcpinname="Y Output Value" dstnodeid="142" dstpinname="Input">
   </LINK>
   </PATCH>