<!DOCTYPE PATCH  SYSTEM "http://vvvv.org/versions/vvvv45beta34.2.dtd" >
   <PATCH nodename="C:\GIT\Reizdarm\VVVV\subpatches\kinect_depthPipet.v4p" systemname="kinect_depthPipet" filename="D:\GIT\Reizdarm\VVVV\subpatches\kinect_depthPipet.v4p" scrollx="3856" scrolly="2848">
   <NODE systemname="Renderer (DX11)" filename="%VVVV%\packs\dx11\nodes\plugins\base\VVVV.DX11.Nodes.dll" nodename="Renderer (DX11)" componentmode="InAWindow" id="5" stayontop="1">
   <BOUNDS type="Node" left="4468" top="12873" width="100" height="100">
   </BOUNDS>
   <BOUNDS type="Box" left="4468" top="12873" width="6000" height="4500">
   </BOUNDS>
   <BOUNDS type="Window" left="0" top="3056" width="3912" height="3080">
   </BOUNDS>
   <PIN pinname="Layers" visible="1" slicecount="1" values="||">
   </PIN>
   <PIN pinname="Clear Depth" slicecount="1" values="0">
   </PIN>
   <PIN pinname="Enabled" visible="1">
   </PIN>
   </NODE>
   <NODE systemname="FullscreenQuad (DX11.Layer)" filename="%VVVV%\packs\dx11\nodes\modules\FullscreenQuad (DX11.Layer).v4p" nodename="FullscreenQuad (DX11.Layer)" componentmode="Hidden" id="6">
   <BOUNDS type="Node" left="4708" top="9543" width="100" height="100">
   </BOUNDS>
   <PIN pinname="Texture" visible="1" slicecount="1" values="||">
   </PIN>
   <PIN pinname="Layer" visible="1">
   </PIN>
   <PIN pinname="Texture Transform" visible="1" slicecount="1" values="||">
   </PIN>
   <PIN pinname="Color" visible="1" slicecount="1" values="|1.00000,1.00000,1.00000,1.00000|">
   </PIN>
   </NODE>
   <NODE nodename="IOBox (Value Advanced)" componentmode="InABox" id="8" systemname="IOBox (Value Advanced)">
   <BOUNDS type="Box" left="3808" top="5223" width="795" height="480">
   </BOUNDS>
   <BOUNDS type="Node" left="3808" top="5223" width="0" height="0">
   </BOUNDS>
   <PIN pinname="Y Input Value" slicecount="2" visible="1" values="10,3">
   </PIN>
   <PIN pinname="Units" slicecount="1" values="||">
   </PIN>
   <PIN pinname="Precision" slicecount="1" values="4">
   </PIN>
   <PIN pinname="Vector Size" slicecount="1" values="2">
   </PIN>
   <PIN pinname="Rows" slicecount="1" values="2">
   </PIN>
   <PIN pinname="Y Output Value" visible="1">
   </PIN>
   <PIN pinname="Descriptive Name" slicecount="1" values="pipetResolution">
   </PIN>
   </NODE>
   <NODE systemname="GridSpread (Spreads 2d)" filename="%VVVV%\lib\nodes\modules\Spreads\GridSpread (Spreads 2d).v4p" nodename="GridSpread (Spreads 2d)" componentmode="Hidden" id="9">
   <BOUNDS type="Node" left="2083" top="6333" width="100" height="100">
   </BOUNDS>
   <PIN pinname="XY" visible="1">
   </PIN>
   <PIN pinname="ResolutionXY" visible="1">
   </PIN>
   <PIN pinname="SizeXY" visible="1">
   </PIN>
   <PIN pinname="CenterXY" visible="1">
   </PIN>
   </NODE>
   <NODE systemname="Transform (Transform 2d Vector)" nodename="Transform (Transform 2d Vector)" componentmode="Hidden" id="11">
   <BOUNDS type="Node" left="1873" top="7203" width="100" height="100">
   </BOUNDS>
   <PIN pinname="TranslateXY" visible="1" slicecount="2" values="0,0">
   </PIN>
   <PIN pinname="ScaleXY" visible="1">
   </PIN>
   <PIN pinname="Transform Out" visible="1">
   </PIN>
   </NODE>
   <NODE systemname="Group (DX11.Layer)" filename="%VVVV%\packs\dx11\nodes\plugins\base\VVVV.DX11.Nodes.dll" nodename="Group (DX11.Layer)" componentmode="Hidden" id="12">
   <BOUNDS type="Node" left="4588" top="12378" width="100" height="100">
   </BOUNDS>
   <BOUNDS type="Box" left="4588" top="12378" width="3000" height="3000">
   </BOUNDS>
   <PIN pinname="Layer 2" visible="1" slicecount="1" values="||">
   </PIN>
   <PIN pinname="Layer Out" visible="1">
   </PIN>
   <PIN pinname="Layer 1" visible="1" slicecount="1" values="||">
   </PIN>
   <PIN pinname="Input Count" slicecount="1" values="3">
   </PIN>
   <PIN pinname="Layer 3" visible="1">
   </PIN>
   </NODE>
   <NODE systemname="IOBox (Value Advanced)" nodename="IOBox (Value Advanced)" componentmode="InABox" id="13">
   <BOUNDS type="Node" left="2263" top="6768" width="100" height="100">
   </BOUNDS>
   <BOUNDS type="Box" left="2263" top="6768" width="600" height="270">
   </BOUNDS>
   <PIN pinname="Y Output Value" visible="1">
   </PIN>
   <PIN pinname="Y Input Value" slicecount="1" values="0.53">
   </PIN>
   </NODE>
   <NODE nodename="IOBox (Value Advanced)" componentmode="InABox" id="14" systemname="IOBox (Value Advanced)">
   <BOUNDS type="Box" left="2713" top="5223" width="795" height="480">
   </BOUNDS>
   <BOUNDS type="Node" left="2713" top="5223" width="0" height="0">
   </BOUNDS>
   <PIN pinname="Y Input Value" slicecount="2" visible="1" values="1.56,0.37">
   </PIN>
   <PIN pinname="Units" slicecount="1" values="||">
   </PIN>
   <PIN pinname="Precision" slicecount="1" values="4">
   </PIN>
   <PIN pinname="Vector Size" slicecount="1" values="2">
   </PIN>
   <PIN pinname="Rows" slicecount="1" values="2">
   </PIN>
   <PIN pinname="Descriptive Name" slicecount="1" values="pipetScale">
   </PIN>
   </NODE>
   <NODE nodename="IOBox (Value Advanced)" componentmode="InABox" id="15" systemname="IOBox (Value Advanced)">
   <BOUNDS type="Box" left="1423" top="5223" width="795" height="480">
   </BOUNDS>
   <BOUNDS type="Node" left="1423" top="5223" width="0" height="0">
   </BOUNDS>
   <PIN pinname="Y Input Value" slicecount="2" visible="1" values="0,-0.27">
   </PIN>
   <PIN pinname="Units" slicecount="1" values="||">
   </PIN>
   <PIN pinname="Precision" slicecount="1" values="4">
   </PIN>
   <PIN pinname="Vector Size" slicecount="1" values="2">
   </PIN>
   <PIN pinname="Rows" slicecount="1" values="2">
   </PIN>
   <PIN pinname="Descriptive Name" slicecount="1" values="pipet_translate">
   </PIN>
   </NODE>
   <LINK srcnodeid="6" srcpinname="Layer" dstnodeid="12" dstpinname="Layer 1">
   </LINK>
   <LINK srcnodeid="15" srcpinname="Y Output Value" dstnodeid="9" dstpinname="CenterXY">
   </LINK>
   <LINK srcnodeid="14" srcpinname="Y Output Value" dstnodeid="9" dstpinname="SizeXY">
   </LINK>
   <LINK srcnodeid="8" srcpinname="Y Output Value" dstnodeid="9" dstpinname="ResolutionXY">
   </LINK>
   <LINK srcnodeid="9" srcpinname="XY" dstnodeid="11" dstpinname="TranslateXY">
   </LINK>
   <LINK srcnodeid="13" srcpinname="Y Output Value" dstnodeid="11" dstpinname="ScaleXY">
   </LINK>
   <BOUNDS type="Window" left="5888" top="0" width="9152" height="8224">
   </BOUNDS>
   <PACK Name="addonpack" Version="34.1.0">
   </PACK>
   <NODE systemname="Text (DX11.Layer)" filename="%VVVV%\packs\dx11\nodes\plugins\text\VVVV.DX11.Nodes.Text.dll" nodename="Text (DX11.Layer)" componentmode="Hidden" id="40">
   <BOUNDS type="Node" left="2128" top="10608" width="100" height="100">
   </BOUNDS>
   <BOUNDS type="Box" left="2128" top="10608" width="3000" height="3000">
   </BOUNDS>
   <PIN pinname="Layer" visible="1">
   </PIN>
   <PIN pinname="Transform In" visible="1">
   </PIN>
   <PIN pinname="String" visible="1">
   </PIN>
   </NODE>
   <LINK srcnodeid="40" srcpinname="Layer" dstnodeid="12" dstpinname="Layer 3">
   </LINK>
   <LINK srcnodeid="11" srcpinname="Transform Out" dstnodeid="40" dstpinname="Transform In">
   </LINK>
   <NODE systemname="I (Spreads)" nodename="I (Spreads)" componentmode="Hidden" id="41">
   <BOUNDS type="Node" left="3238" top="9288" width="100" height="100">
   </BOUNDS>
   <PIN pinname=".. To [" visible="1">
   </PIN>
   <PIN pinname="Output" visible="1">
   </PIN>
   </NODE>
   <NODE systemname="Multiply (Value Spectral)" nodename="Multiply (Value Spectral)" componentmode="Hidden" id="42">
   <BOUNDS type="Node" left="3238" top="8868" width="100" height="100">
   </BOUNDS>
   <PIN pinname="Input" visible="1">
   </PIN>
   <PIN pinname="Output" visible="1">
   </PIN>
   </NODE>
   <LINK srcnodeid="8" srcpinname="Y Output Value" dstnodeid="42" dstpinname="Input">
   </LINK>
   <LINK srcnodeid="42" srcpinname="Output" dstnodeid="41" dstpinname=".. To [">
   </LINK>
   <NODE systemname="AsString (Value)" nodename="AsString (Value)" componentmode="Hidden" id="43">
   <BOUNDS type="Node" left="3238" top="9678" width="100" height="100">
   </BOUNDS>
   <PIN pinname="Input" visible="1">
   </PIN>
   <PIN pinname="Output" visible="1">
   </PIN>
   <PIN pinname="SubType" slicecount="1" values="|Integer (MinInt .. MaxInt)|">
   </PIN>
   </NODE>
   <LINK srcnodeid="41" srcpinname="Output" dstnodeid="43" dstpinname="Input">
   </LINK>
   <LINK srcnodeid="43" srcpinname="Output" dstnodeid="40" dstpinname="String">
   </LINK>
   <NODE systemname="IOBox (Value Advanced)" nodename="IOBox (Value Advanced)" componentmode="InABox" id="51">
   <BOUNDS type="Node" left="5713" top="12183" width="100" height="100">
   </BOUNDS>
   <BOUNDS type="Box" left="5713" top="12183" width="480" height="480">
   </BOUNDS>
   <PIN pinname="Value Type" slicecount="1" values="Boolean">
   </PIN>
   <PIN pinname="Behavior" slicecount="1" values="Toggle">
   </PIN>
   <PIN pinname="Descriptive Name" slicecount="1" values="helper">
   </PIN>
   <PIN pinname="Y Output Value" visible="1">
   </PIN>
   <PIN pinname="X Input Value" slicecount="1" values="1">
   </PIN>
   <PIN pinname="Y Input Value" slicecount="1" values="1">
   </PIN>
   </NODE>
   <LINK srcnodeid="51" srcpinname="Y Output Value" dstnodeid="5" dstpinname="Enabled">
   </LINK>
   <NODE systemname="Kinect2 (Devices Microsoft)" filename="%VVVV%\packs\dx11\nodes\plugins\kinect2\VVVV.DX11.Nodes.Kinect2.dll" nodename="Kinect2 (Devices Microsoft)" componentmode="Hidden" id="87">
   <BOUNDS type="Node" left="5744" top="4016" width="100" height="100">
   </BOUNDS>
   <BOUNDS type="Box" left="5744" top="4016" width="1600" height="1600">
   </BOUNDS>
   <PIN pinname="Kinect Runtime" visible="1">
   </PIN>
   <PIN pinname="Enabled" visible="1">
   </PIN>
   <PIN pinname="Enable Depth" slicecount="1" values="1">
   </PIN>
   <PIN pinname="Enable Skeleton" slicecount="1" values="1">
   </PIN>
   <PIN pinname="Reset" slicecount="1" values="0">
   </PIN>
   </NODE>
   <NODE nodename="IOBox (Value Advanced)" componentmode="InABox" id="89">
   <BOUNDS type="Box" left="6792" top="3272" width="480" height="480">
   </BOUNDS>
   <BOUNDS type="Node" left="6792" top="3272" width="0" height="0">
   </BOUNDS>
   <PIN pinname="Y Input Value" slicecount="1" visible="1" values="0">
   </PIN>
   <PIN pinname="Units" slicecount="1" values="||">
   </PIN>
   <PIN pinname="Precision" slicecount="1" values="4">
   </PIN>
   <PIN pinname="Value Type" slicecount="1" values="Boolean">
   </PIN>
   <PIN pinname="Behavior" slicecount="1" values="Toggle">
   </PIN>
   <PIN pinname="X Input Value" slicecount="1" values="0">
   </PIN>
   </NODE>
   <LINK srcnodeid="89" srcpinname="Y Output Value" dstnodeid="87" dstpinname="Enabled">
   </LINK>
   <NODE systemname="Skeleton (Kinect2 Microsoft)" filename="%VVVV%\packs\dx11\nodes\plugins\kinect2\VVVV.DX11.Nodes.Kinect2.dll" nodename="Skeleton (Kinect2 Microsoft)" componentmode="Hidden" id="92">
   <BOUNDS type="Node" left="5784" top="5224" width="100" height="100">
   </BOUNDS>
   <BOUNDS type="Box" left="5784" top="5224" width="1600" height="1600">
   </BOUNDS>
   <PIN pinname="Kinect Runtime" visible="1">
   </PIN>
   <PIN pinname="PositionXYZ" visible="1">
   </PIN>
   </NODE>
   <LINK srcnodeid="87" srcpinname="Kinect Runtime" dstnodeid="92" dstpinname="Kinect Runtime">
   </LINK>
   <NODE nodename="IOBox (Value Advanced)" componentmode="InABox" id="93">
   <BOUNDS type="Box" left="7160" top="5648" width="696" height="624">
   </BOUNDS>
   <BOUNDS type="Node" left="7160" top="5648" width="0" height="0">
   </BOUNDS>
   <PIN pinname="Units" slicecount="1" values="||">
   </PIN>
   <PIN pinname="Precision" slicecount="1" values="4">
   </PIN>
   <PIN pinname="Vector Size" slicecount="1" values="3">
   </PIN>
   <PIN pinname="Rows" slicecount="1" values="3">
   </PIN>
   </NODE>
   <LINK srcnodeid="92" srcpinname="PositionXYZ" dstnodeid="93" dstpinname="Y Input Value">
   </LINK>
   <NODE systemname="CDR (Spreads)" nodename="CDR (Spreads)" componentmode="Hidden" id="94">
   <BOUNDS type="Node" left="5672" top="5744" width="100" height="100">
   </BOUNDS>
   <PIN pinname="Input" visible="1">
   </PIN>
   <PIN pinname="Last Slice" visible="1">
   </PIN>
   </NODE>
   <LINK srcnodeid="92" srcpinname="PositionXYZ" dstnodeid="94" dstpinname="Input">
   </LINK>
   <NODE systemname="Segment (DX11.Geometry)" filename="%VVVV%\packs\dx11\nodes\plugins\base\VVVV.DX11.Nodes.dll" nodename="Segment (DX11.Geometry)" componentmode="Hidden" id="95">
   <BOUNDS type="Node" left="6744" top="7616" width="100" height="100">
   </BOUNDS>
   <BOUNDS type="Box" left="6744" top="7616" width="1600" height="1600">
   </BOUNDS>
   <PIN pinname="Geometry Out" visible="1">
   </PIN>
   <PIN pinname="Inner Radius" slicecount="1" visible="1" values="0.43">
   </PIN>
   <PIN pinname="Cycles" slicecount="1" values="1">
   </PIN>
   <PIN pinname="Resolution" slicecount="1" values="36">
   </PIN>
   </NODE>
   <NODE systemname="Constant (DX11.Effect)" filename="%VVVV%\packs\dx11\nodes\dx11\Constant.fx" nodename="Constant (DX11.Effect)" componentmode="Hidden" id="96">
   <BOUNDS type="Node" left="6800" top="8224" width="100" height="100">
   </BOUNDS>
   <PIN pinname="Geometry" visible="1">
   </PIN>
   <PIN pinname="Layer" visible="1">
   </PIN>
   <PIN pinname="Transform In" visible="1" slicecount="1" values="||">
   </PIN>
   <PIN pinname="Color" visible="1">
   </PIN>
   </NODE>
   <LINK srcnodeid="95" srcpinname="Geometry Out" dstnodeid="96" dstpinname="Geometry">
   </LINK>
   <LINK srcnodeid="96" srcpinname="Layer" dstnodeid="5" dstpinname="Layers">
   </LINK>
   <NODE systemname="Map (Value)" nodename="Map (Value)" componentmode="Hidden" id="98">
   <BOUNDS type="Node" left="6112" top="6248" width="100" height="100">
   </BOUNDS>
   <PIN pinname="Input" visible="1">
   </PIN>
   <PIN pinname="Output" visible="1">
   </PIN>
   <PIN pinname="Source Minimum" slicecount="1" values="1">
   </PIN>
   <PIN pinname="Source Maximum" slicecount="1" values="3">
   </PIN>
   </NODE>
   <LINK srcnodeid="94" srcpinname="Last Slice" dstnodeid="98" dstpinname="Input">
   </LINK>
   <NODE systemname="Damper (Animation)" nodename="Damper (Animation)" componentmode="Hidden" id="99">
   <BOUNDS type="Node" left="5960" top="6616" width="100" height="100">
   </BOUNDS>
   <PIN pinname="Go To Position" visible="1">
   </PIN>
   <PIN pinname="Position Out" visible="1">
   </PIN>
   </NODE>
   <LINK srcnodeid="98" srcpinname="Output" dstnodeid="99" dstpinname="Go To Position">
   </LINK>
   <NODE systemname="HSL (Color Join)" nodename="HSL (Color Join)" componentmode="Hidden" id="101">
   <BOUNDS type="Node" left="9528" top="6584" width="100" height="100">
   </BOUNDS>
   <PIN pinname="Lightness" visible="1" slicecount="11" values="-1.99090909090909,-1.59272727272727,-1.19454545454545,-0.796363636363636,-0.398181818181818,0,0.398181818181818,0.796363636363636,1.19454545454545,1.59272727272727,1.99090909090909">
   </PIN>
   <PIN pinname="Output" visible="1">
   </PIN>
   <PIN pinname="Saturation" slicecount="1" values="0.5">
   </PIN>
   <PIN pinname="Hue" slicecount="1" values="0.88">
   </PIN>
   </NODE>
   <LINK srcnodeid="101" srcpinname="Output" dstnodeid="96" dstpinname="Color">
   </LINK>
   <NODE nodename="IOBox (Value Advanced)" componentmode="InABox" id="102">
   <BOUNDS type="Box" left="10640" top="4432" width="696" height="208">
   </BOUNDS>
   <BOUNDS type="Node" left="10640" top="4432" width="0" height="0">
   </BOUNDS>
   <PIN pinname="Y Input Value" slicecount="1" visible="1" values="9">
   </PIN>
   <PIN pinname="Units" slicecount="1" values="||">
   </PIN>
   <PIN pinname="Precision" slicecount="1" values="4">
   </PIN>
   <PIN pinname="Value Type" slicecount="1" values="Integer">
   </PIN>
   <PIN pinname="Y Output Value" visible="1">
   </PIN>
   </NODE>
   <NODE systemname="LinearSpread (Spreads)" nodename="LinearSpread (Spreads)" componentmode="Hidden" id="103">
   <BOUNDS type="Node" left="9256" top="4936" width="100" height="100">
   </BOUNDS>
   <PIN pinname="Width" slicecount="1" visible="1" values="2.95">
   </PIN>
   <PIN pinname="Input" slicecount="1" values="0.5">
   </PIN>
   <PIN pinname="Output" visible="1">
   </PIN>
   </NODE>
   <LINK srcnodeid="102" srcpinname="Y Output Value" dstnodeid="103" dstpinname="Spread Count">
   </LINK>
   <NODE systemname="Transform (Transform 2d Vector)" nodename="Transform (Transform 2d Vector)" componentmode="Hidden" id="104">
   <BOUNDS type="Node" left="7296" top="6656" width="100" height="100">
   </BOUNDS>
   <PIN pinname="ScaleXY" visible="1">
   </PIN>
   </NODE>
   <LINK srcnodeid="104" srcpinname="Transform Out" dstnodeid="96" dstpinname="Transform In">
   </LINK>
   <NODE nodename="IOBox (Value Advanced)" componentmode="InABox" id="105">
   <BOUNDS type="Box" left="6944" top="7160" width="696" height="208">
   </BOUNDS>
   <BOUNDS type="Node" left="6944" top="7160" width="0" height="0">
   </BOUNDS>
   <PIN pinname="Y Input Value" slicecount="1" visible="1" values="0.45">
   </PIN>
   <PIN pinname="Units" slicecount="1" values="||">
   </PIN>
   <PIN pinname="Precision" slicecount="1" values="4">
   </PIN>
   </NODE>
   <LINK srcnodeid="105" srcpinname="Y Output Value" dstnodeid="95" dstpinname="Inner Radius">
   </LINK>
   <NODE systemname="LinearSpread (Spreads)" nodename="LinearSpread (Spreads)" componentmode="Hidden" id="106">
   <BOUNDS type="Node" left="9664" top="5688" width="100" height="100">
   </BOUNDS>
   <PIN pinname="Width" slicecount="1" values="0.37">
   </PIN>
   <PIN pinname="Input" slicecount="1" values="0.5">
   </PIN>
   <PIN pinname="Spread Count" visible="1">
   </PIN>
   <PIN pinname="Output" visible="1">
   </PIN>
   </NODE>
   <LINK srcnodeid="102" srcpinname="Y Output Value" dstnodeid="106" dstpinname="Spread Count">
   </LINK>
   <NODE systemname="Select (Value)" filename="%VVVV%\lib\nodes\plugins\VVVV.Nodes.dll" nodename="Select (Value)" componentmode="Hidden" id="107">
   <BOUNDS type="Node" left="9760" top="5296" width="100" height="100">
   </BOUNDS>
   <BOUNDS type="Box" left="9760" top="5296" width="1600" height="1600">
   </BOUNDS>
   <PIN pinname="Input" visible="1" slicecount="9" values="0.0555555555555556,0.166666666666667,0.277777777777778,0.388888888888889,0.5,0.611111111111111,0.722222222222222,0.833333333333333,0.944444444444444">
   </PIN>
   <PIN pinname="Select" slicecount="1" values="2">
   </PIN>
   <PIN pinname="Output" visible="1">
   </PIN>
   </NODE>
   <LINK srcnodeid="103" srcpinname="Output" dstnodeid="107" dstpinname="Input">
   </LINK>
   <LINK srcnodeid="107" srcpinname="Output" dstnodeid="104" dstpinname="ScaleXY">
   </LINK>
   <NODE systemname="LFO (Animation)" nodename="LFO (Animation)" componentmode="Hidden" id="108">
   <BOUNDS type="Node" left="8624" top="4056" width="100" height="100">
   </BOUNDS>
   <PIN pinname="Output" visible="1">
   </PIN>
   <PIN pinname="Period" slicecount="1" values="5">
   </PIN>
   <PIN pinname="Change" visible="1">
   </PIN>
   </NODE>
   <NODE systemname="WaveShaper (Value)" nodename="WaveShaper (Value)" componentmode="Hidden" id="109">
   <BOUNDS type="Node" left="9696" top="3616" width="100" height="100">
   </BOUNDS>
   <PIN pinname="Input" visible="1">
   </PIN>
   <PIN pinname="Shape" slicecount="1" values="Sine">
   </PIN>
   <PIN pinname="Output" visible="1">
   </PIN>
   </NODE>
   <LINK srcnodeid="108" srcpinname="Output" dstnodeid="109" dstpinname="Input">
   </LINK>
   <NODE systemname="RandomSpread (Spreads)" nodename="RandomSpread (Spreads)" componentmode="Hidden" id="110">
   <BOUNDS type="Node" left="10800" top="6120" width="100" height="100">
   </BOUNDS>
   <PIN pinname="Spread Count" visible="1">
   </PIN>
   <PIN pinname="Output" visible="1">
   </PIN>
   <PIN pinname="Width" slicecount="1" values="1">
   </PIN>
   <PIN pinname="Input" slicecount="1" values="0.5">
   </PIN>
   </NODE>
   <LINK srcnodeid="102" srcpinname="Y Output Value" dstnodeid="110" dstpinname="Spread Count">
   </LINK>
   <LINK srcnodeid="110" srcpinname="Output" dstnodeid="101" dstpinname="Lightness">
   </LINK>
   <NODE systemname="Map (Value)" nodename="Map (Value)" componentmode="Hidden" id="111">
   <BOUNDS type="Node" left="9568" top="4104" width="100" height="100">
   </BOUNDS>
   <PIN pinname="Input" visible="1">
   </PIN>
   <PIN pinname="Output" visible="1">
   </PIN>
   <PIN pinname="Destination Maximum" slicecount="1" values="5">
   </PIN>
   </NODE>
   <LINK srcnodeid="109" srcpinname="Output" dstnodeid="111" dstpinname="Input">
   </LINK>
   <LINK srcnodeid="111" srcpinname="Output" dstnodeid="103" dstpinname="Width">
   </LINK>
   <NODE systemname="Random (Value)" nodename="Random (Value)" componentmode="Hidden" id="113">
   <BOUNDS type="Node" left="7664" top="4304" width="100" height="100">
   </BOUNDS>
   <PIN pinname="Enabled" visible="1">
   </PIN>
   <PIN pinname="Output" visible="1">
   </PIN>
   </NODE>
   <LINK srcnodeid="108" srcpinname="Change" dstnodeid="113" dstpinname="Enabled">
   </LINK>
   <LINK srcnodeid="113" srcpinname="Output" dstnodeid="105" dstpinname="Y Input Value">
   </LINK>
   </PATCH>