<!DOCTYPE PATCH  SYSTEM "http://vvvv.org/versions/vvvv50beta35.8.dtd" >
   <PATCH nodename="D:\GIT\Reizdarm\VVVV\subpatches\lights_pipet+mixer.v4p" systemname="lights_pipet+mixer" filename="C:\GIT\Reizdarm\VVVV\subpatches\lights_pipet+mixer.v4p" scrollx="340" scrolly="1960">
   <NODE id="0" systemname="IOBox (Color)" componentmode="InABox" nodename="IOBox (Color)">
   <PIN pinname="Descriptive Name" slicecount="1" values="|lights x8|">
   </PIN>
   <BOUNDS type="Box" left="3856" top="10912" width="1216" height="552">
   </BOUNDS>
   <BOUNDS type="Node" left="3856" top="10912" width="750" height="240">
   </BOUNDS>
   <PIN pinname="Color Input" visible="1">
   </PIN>
   </NODE>
   <NODE systemname="Pipet (DX11.Texture 2d)" filename="%VVVV%\packs\dx11\nodes\modules\Pipet\Pipet (DX11.Texture 2d).v4p" nodename="Pipet (DX11.Texture 2d)" componentmode="Hidden" id="1">
   <BOUNDS type="Node" left="4140" top="3124" width="100" height="100">
   </BOUNDS>
   <PIN pinname="XY" visible="1">
   </PIN>
   <PIN pinname="Color" visible="1">
   </PIN>
   <PIN pinname="Texture" visible="1">
   </PIN>
   <PIN pinname="UV Space" slicecount="1" values="0">
   </PIN>
   </NODE>
   <NODE systemname="GridSpread (Spreads 2d)" filename="%VVVV%\lib\nodes\modules\Spreads\GridSpread (Spreads 2d).v4p" nodename="GridSpread (Spreads 2d)" componentmode="Hidden" id="2" hiddenwhenlocked="1">
   <BOUNDS type="Node" left="6140" top="2404" width="100" height="100">
   </BOUNDS>
   <PIN pinname="XY" visible="1">
   </PIN>
   <PIN pinname="ResolutionXY" visible="1">
   </PIN>
   <PIN pinname="SizeXY" slicecount="2" visible="1" values="0.97,0.97">
   </PIN>
   </NODE>
   <NODE nodename="IOBox (Value Advanced)" componentmode="InABox" id="3" hiddenwhenlocked="1" systemname="IOBox (Value Advanced)">
   <BOUNDS type="Box" left="7148" top="1820" width="336" height="384">
   </BOUNDS>
   <BOUNDS type="Node" left="7148" top="1820" width="0" height="0">
   </BOUNDS>
   <PIN pinname="Y Input Value" slicecount="2" visible="1" values="2,8">
   </PIN>
   <PIN pinname="Units" slicecount="1" values="||">
   </PIN>
   <PIN pinname="Precision" slicecount="1" values="4">
   </PIN>
   <PIN pinname="Value Type" slicecount="1" values="Integer">
   </PIN>
   <PIN pinname="Vector Size" slicecount="1" values="2">
   </PIN>
   <PIN pinname="Rows" slicecount="1" values="2">
   </PIN>
   </NODE>
   <NODE systemname="Renderer (DX11 TempTarget)" filename="%VVVV%\packs\dx11\nodes\plugins\base\VVVV.DX11.Nodes.dll" nodename="Renderer (DX11 TempTarget)" componentmode="Hidden" id="4">
   <BOUNDS type="Node" left="2820" top="2204" width="100" height="100">
   </BOUNDS>
   <BOUNDS type="Box" left="2820" top="2204" width="1600" height="1600">
   </BOUNDS>
   <PIN pinname="Layer" visible="1">
   </PIN>
   <PIN pinname="Buffers" visible="1">
   </PIN>
   </NODE>
   <NODE systemname="InputMorph (Color)" nodename="InputMorph (Color)" componentmode="Hidden" id="5">
   <BOUNDS type="Node" left="3756" top="8884" width="100" height="100">
   </BOUNDS>
   <PIN pinname="Input 2" visible="1">
   </PIN>
   <PIN pinname="Input 1" visible="1">
   </PIN>
   <PIN pinname="Output" visible="1">
   </PIN>
   <PIN pinname="Switch" slicecount="1" visible="1" values="1">
   </PIN>
   </NODE>
   <NODE systemname="Group (DX11.Layer)" filename="%VVVV%\packs\dx11\nodes\plugins\base\VVVV.DX11.Nodes.dll" nodename="Group (DX11.Layer)" componentmode="Hidden" id="6">
   <BOUNDS type="Node" left="2484" top="1500" width="100" height="100">
   </BOUNDS>
   <BOUNDS type="Box" left="2484" top="1500" width="1600" height="1600">
   </BOUNDS>
   <PIN pinname="Layer 1" visible="1" slicecount="1" values="||">
   </PIN>
   <PIN pinname="Layer 2" visible="1" slicecount="1" values="||">
   </PIN>
   <PIN pinname="Layer Out" visible="1">
   </PIN>
   </NODE>
   <NODE systemname="IOBox (Value Advanced)" nodename="IOBox (Value Advanced)" componentmode="InABox" id="7">
   <BOUNDS type="Node" left="1198" top="8712" width="100" height="100">
   </BOUNDS>
   <BOUNDS type="Box" left="1198" top="8712" width="696" height="208">
   </BOUNDS>
   <PIN pinname="Y Output Value" visible="1">
   </PIN>
   <PIN pinname="Y Input Value" slicecount="1" visible="1" values="0">
   </PIN>
   <PIN pinname="Minimum" slicecount="1" values="0">
   </PIN>
   <PIN pinname="Maximum" slicecount="1" values="1">
   </PIN>
   <PIN pinname="Descriptive Name" slicecount="1" values="mode">
   </PIN>
   </NODE>
   <NODE nodename="IOBox (Value Advanced)" componentmode="InABox" id="8" hiddenwhenlocked="1" systemname="IOBox (Value Advanced)">
   <BOUNDS type="Box" left="6108" top="1804" width="696" height="416">
   </BOUNDS>
   <BOUNDS type="Node" left="6108" top="1804" width="0" height="0">
   </BOUNDS>
   <PIN pinname="Y Input Value" slicecount="2" visible="1" values="0.97,-0.97">
   </PIN>
   <PIN pinname="Units" slicecount="1" values="||">
   </PIN>
   <PIN pinname="Precision" slicecount="1" values="4">
   </PIN>
   <PIN pinname="Vector Size" slicecount="1" values="2">
   </PIN>
   <PIN pinname="Rows" slicecount="1" values="2">
   </PIN>
   </NODE>
   <NODE nodename="IOBox (Node)" componentmode="InABox" id="9" hiddenwhenlocked="1" systemname="IOBox (Node)">
   <BOUNDS type="Box" left="1500" top="2196" width="696" height="224">
   </BOUNDS>
   <BOUNDS type="Node" left="1500" top="2196" width="0" height="0">
   </BOUNDS>
   <PIN pinname="Descriptive Name" slicecount="1" values="|Layer Out|">
   </PIN>
   </NODE>
   <NODE systemname="S (Value)" nodename="S (Value)" componentmode="Hidden" id="10">
   <BOUNDS type="Node" left="6132" top="2860" width="100" height="100">
   </BOUNDS>
   <PIN pinname="Send String" slicecount="1" values="ctrl_pipette">
   </PIN>
   <PIN pinname="Input Value" visible="1">
   </PIN>
   </NODE>
   <NODE nodename="IOBox (Value Advanced)" componentmode="InABox" id="11" systemname="IOBox (Value Advanced)">
   <BOUNDS type="Box" left="3252" top="7284" width="520" height="224">
   </BOUNDS>
   <BOUNDS type="Node" left="3252" top="7284" width="0" height="0">
   </BOUNDS>
   <PIN pinname="Y Input Value" slicecount="1" visible="1" values="0">
   </PIN>
   <PIN pinname="Units" slicecount="1" values="||">
   </PIN>
   <PIN pinname="Precision" slicecount="1" values="4">
   </PIN>
   <PIN pinname="Value Type" slicecount="1" values="Integer">
   </PIN>
   <PIN pinname="Descriptive Name" slicecount="1" values="blackout">
   </PIN>
   <PIN pinname="Y Output Value" visible="1">
   </PIN>
   </NODE>
   <NODE systemname="R (Value)" nodename="R (Value)" componentmode="Hidden" id="12">
   <BOUNDS type="Node" left="3268" top="6124" width="1376" height="256">
   </BOUNDS>
   <PIN pinname="Receive String" slicecount="1" values="kinect_trigger">
   </PIN>
   <PIN pinname="Input Value" visible="1">
   </PIN>
   </NODE>
   <NODE systemname="OR (Boolean Spectral)" nodename="OR (Boolean Spectral)" componentmode="Hidden" id="13">
   <BOUNDS type="Node" left="3268" top="6524" width="320" height="256">
   </BOUNDS>
   <PIN pinname="Input" visible="1">
   </PIN>
   <PIN pinname="Output" visible="1">
   </PIN>
   </NODE>
   <NODE systemname="ADSR (Animation)" nodename="ADSR (Animation)" componentmode="Hidden" id="14">
   <BOUNDS type="Node" left="3276" top="6916" width="720" height="256">
   </BOUNDS>
   <PIN pinname="Input" visible="1">
   </PIN>
   <PIN pinname="Attack Time" slicecount="1" values="0">
   </PIN>
   <PIN pinname="Decay Time" slicecount="1" visible="1" values="2">
   </PIN>
   <PIN pinname="Release Time" slicecount="1" values="0.5">
   </PIN>
   <PIN pinname="Output" visible="1">
   </PIN>
   <PIN pinname="Sustain Level" slicecount="1" values="1">
   </PIN>
   </NODE>
   <NODE systemname="InputMorph (Color)" nodename="InputMorph (Color)" componentmode="Hidden" id="15">
   <BOUNDS type="Node" left="3252" top="7796" width="100" height="100">
   </BOUNDS>
   <PIN pinname="Input 1" visible="1">
   </PIN>
   <PIN pinname="Input 2" visible="1" slicecount="1" values="|0.02780,0.02780,0.02780,1.00000|">
   </PIN>
   <PIN pinname="Switch" visible="1">
   </PIN>
   <PIN pinname="Output" visible="1">
   </PIN>
   </NODE>
   <NODE systemname="R (Value)" nodename="R (Value)" componentmode="Hidden" id="16">
   <BOUNDS type="Node" left="802" top="3736" width="100" height="100">
   </BOUNDS>
   <PIN pinname="Receive String" slicecount="1" values="impulse_running">
   </PIN>
   <PIN pinname="Input Value" visible="1">
   </PIN>
   </NODE>
   <NODE systemname="InputMorph (Color)" nodename="InputMorph (Color)" componentmode="Hidden" id="17">
   <BOUNDS type="Node" left="3708" top="5204" width="100" height="100">
   </BOUNDS>
   <PIN pinname="Input 1" visible="1" slicecount="1" values="|0.00000,0.00000,0.00000,1.00000|">
   </PIN>
   <PIN pinname="Input 2" visible="1" slicecount="1" values="|0.02780,0.02780,0.02780,1.00000|">
   </PIN>
   <PIN pinname="Switch" visible="1" slicecount="1" values="0">
   </PIN>
   <PIN pinname="Output" visible="1">
   </PIN>
   </NODE>
   <NODE systemname="MonoFlop (Animation)" nodename="MonoFlop (Animation)" componentmode="Hidden" id="18">
   <BOUNDS type="Node" left="802" top="4192" width="100" height="100">
   </BOUNDS>
   <PIN pinname="Set" visible="1">
   </PIN>
   <PIN pinname="Output" visible="1">
   </PIN>
   <PIN pinname="Time" slicecount="1" values="2">
   </PIN>
   </NODE>
   <NODE systemname="ADSR (Animation)" nodename="ADSR (Animation)" componentmode="Hidden" id="19">
   <BOUNDS type="Node" left="3036" top="4764" width="100" height="100">
   </BOUNDS>
   <PIN pinname="Input" visible="1">
   </PIN>
   <PIN pinname="Decay" slicecount="1" values="0.5">
   </PIN>
   <PIN pinname="Output" visible="1">
   </PIN>
   <PIN pinname="Attack Time" slicecount="1" values="0.2">
   </PIN>
   <PIN pinname="Release Time" slicecount="1" values="1">
   </PIN>
   </NODE>
   <LINK srcnodeid="6" srcpinname="Layer Out" dstnodeid="9" dstpinname="Input Node" hiddenwhenlocked="1">
   </LINK>
   <LINK srcnodeid="11" srcpinname="Y Output Value" dstnodeid="15" dstpinname="Switch">
   </LINK>
   <LINK srcnodeid="17" srcpinname="Output" dstnodeid="15" dstpinname="Input 1">
   </LINK>
   <LINK srcnodeid="14" srcpinname="Output" dstnodeid="11" dstpinname="Y Input Value">
   </LINK>
   <LINK srcnodeid="12" srcpinname="Input Value" dstnodeid="13" dstpinname="Input">
   </LINK>
   <LINK srcnodeid="13" srcpinname="Output" dstnodeid="14" dstpinname="Input">
   </LINK>
   <NODE id="20" systemname="IOBox (Node)" componentmode="InABox" nodename="IOBox (Node)">
   <PIN pinname="Descriptive Name" slicecount="1" values="|Layer 1|">
   </PIN>
   <BOUNDS type="Box" left="2484" top="500" width="750" height="240">
   </BOUNDS>
   <BOUNDS type="Node" left="2484" top="500" width="750" height="240">
   </BOUNDS>
   </NODE>
   <LINK srcnodeid="20" srcpinname="Output Node" dstnodeid="6" dstpinname="Layer 1">
   </LINK>
   <NODE id="21" systemname="IOBox (Node)" componentmode="InABox" nodename="IOBox (Node)">
   <PIN pinname="Descriptive Name" slicecount="1" values="|Layer 2|">
   </PIN>
   <BOUNDS type="Box" left="3384" top="500" width="750" height="240">
   </BOUNDS>
   <BOUNDS type="Node" left="3384" top="500" width="750" height="240">
   </BOUNDS>
   </NODE>
   <LINK srcnodeid="21" srcpinname="Output Node" dstnodeid="6" dstpinname="Layer 2">
   </LINK>
   <LINK srcnodeid="6" srcpinname="Layer Out" dstnodeid="4" dstpinname="Layer">
   </LINK>
   <LINK srcnodeid="16" srcpinname="Input Value" dstnodeid="18" dstpinname="Set">
   </LINK>
   <LINK srcnodeid="4" srcpinname="Buffers" dstnodeid="1" dstpinname="Texture">
   </LINK>
   <LINK srcnodeid="2" srcpinname="XY" dstnodeid="1" dstpinname="XY" hiddenwhenlocked="1">
   </LINK>
   <LINK srcnodeid="5" srcpinname="Output" dstnodeid="0" dstpinname="Color Input">
   </LINK>
   <LINK srcnodeid="15" srcpinname="Output" dstnodeid="5" dstpinname="Input 1">
   </LINK>
   <NODE id="22" systemname="IOBox (Color)" componentmode="InABox" nodename="IOBox (Color)">
   <PIN pinname="Descriptive Name" slicecount="1" values="colorMixer">
   </PIN>
   <BOUNDS type="Box" left="4684" top="8444" width="750" height="240">
   </BOUNDS>
   <BOUNDS type="Node" left="4684" top="8444" width="750" height="240">
   </BOUNDS>
   </NODE>
   <LINK srcnodeid="22" srcpinname="Color Output" dstnodeid="5" dstpinname="Input 2">
   </LINK>
   <LINK srcnodeid="19" srcpinname="Output" dstnodeid="17" dstpinname="Switch">
   </LINK>
   <LINK srcnodeid="1" srcpinname="Color" dstnodeid="17" dstpinname="Input 1">
   </LINK>
   <NODE id="23" systemname="IOBox (Color)" componentmode="InABox" nodename="IOBox (Color)">
   <PIN pinname="Descriptive Name" slicecount="1" values="colorImpulse">
   </PIN>
   <BOUNDS type="Box" left="4544" top="4836" width="750" height="240">
   </BOUNDS>
   <BOUNDS type="Node" left="4544" top="4836" width="750" height="240">
   </BOUNDS>
   </NODE>
   <LINK srcnodeid="23" srcpinname="Color Output" dstnodeid="17" dstpinname="Input 2">
   </LINK>
   <LINK srcnodeid="2" srcpinname="XY" dstnodeid="10" dstpinname="Input Value">
   </LINK>
   <LINK srcnodeid="8" srcpinname="Y Output Value" dstnodeid="2" dstpinname="SizeXY">
   </LINK>
   <LINK srcnodeid="3" srcpinname="Y Output Value" dstnodeid="2" dstpinname="ResolutionXY">
   </LINK>
   <BOUNDS type="Window" left="6610" top="220" width="12590" height="8290">
   </BOUNDS>
   <PACK Name="dx11" Version="1.0.2">
   </PACK>
   <PACK Name="addonpack" Version="35.0.0">
   </PACK>
   <NODE systemname="R (Value)" nodename="R (Value)" componentmode="Hidden" id="24">
   <BOUNDS type="Node" left="1216" top="7716" width="100" height="100">
   </BOUNDS>
   <PIN pinname="Receive String" slicecount="1" values="kinect_activity">
   </PIN>
   <PIN pinname="Input Value" visible="1">
   </PIN>
   </NODE>
   <NODE systemname="Map (Value)" nodename="Map (Value)" componentmode="Hidden" id="25">
   <BOUNDS type="Node" left="1216" top="8232" width="100" height="100">
   </BOUNDS>
   <PIN pinname="Input" visible="1">
   </PIN>
   <PIN pinname="Source Maximum" slicecount="1" values="0.1">
   </PIN>
   <PIN pinname="Output" visible="1">
   </PIN>
   <PIN pinname="Mapping" slicecount="1" values="Clamp">
   </PIN>
   <PIN pinname="Destination Minimum" slicecount="1" values="1">
   </PIN>
   <PIN pinname="Destination Maximum" slicecount="1" values="0">
   </PIN>
   </NODE>
   <LINK srcnodeid="24" srcpinname="Input Value" dstnodeid="25" dstpinname="Input">
   </LINK>
   <LINK srcnodeid="7" srcpinname="Y Output Value" dstnodeid="5" dstpinname="Switch">
   </LINK>
   <NODE systemname="FlipFlop (Animation)" nodename="FlipFlop (Animation)" componentmode="Hidden" id="26">
   <BOUNDS type="Node" left="3070" top="4350" width="100" height="100">
   </BOUNDS>
   <PIN pinname="Set" visible="1">
   </PIN>
   <PIN pinname="Reset" visible="1">
   </PIN>
   <PIN pinname="Output" visible="1">
   </PIN>
   </NODE>
   <NODE systemname="R (Value)" nodename="R (Value)" componentmode="Hidden" id="27">
   <BOUNDS type="Node" left="2950" top="3720" width="100" height="100">
   </BOUNDS>
   <PIN pinname="Receive String" slicecount="1" values="impulse_Start">
   </PIN>
   <PIN pinname="Input Value" visible="1">
   </PIN>
   </NODE>
   <NODE systemname="R (Value)" nodename="R (Value)" componentmode="Hidden" id="28">
   <BOUNDS type="Node" left="3250" top="4020" width="100" height="100">
   </BOUNDS>
   <PIN pinname="Receive String" slicecount="1" values="impulse_Stop">
   </PIN>
   <PIN pinname="Input Value" visible="1">
   </PIN>
   </NODE>
   <LINK srcnodeid="27" srcpinname="Input Value" dstnodeid="26" dstpinname="Set">
   </LINK>
   <LINK srcnodeid="28" srcpinname="Input Value" dstnodeid="26" dstpinname="Reset">
   </LINK>
   <LINK srcnodeid="26" srcpinname="Output" dstnodeid="19" dstpinname="Input">
   </LINK>
   </PATCH>