<!DOCTYPE PATCH  SYSTEM "http://vvvv.org/versions/vvvv50beta35.8.dtd" >
   <PATCH nodename="D:\GIT\Reizdarm\VVVV\subpatches\midi_control.v4p" locked="0" scrollx="5900" scrolly="0" systemname="midi_control" filename="C:\GIT\Reizdarm\VVVV\subpatches\midi_control.v4p">
   <BOUNDS height="8290" left="6370" top="190" type="Window" width="12590">
   </BOUNDS>
   <PACK Name="addonpack" Version="35.0.0">
   </PACK>
   <NODE componentmode="Hidden" id="216" nodename="MidiControllerOut (Devices)" systemname="MidiControllerOut (Devices)" filename="%VVVV%\lib\nodes\modules\Devices\MidiControllerOut (Devices).v4p">
   <BOUNDS height="100" left="2392" top="6866" type="Node" width="100">
   </BOUNDS>
   <BOUNDS height="6000" left="11025" top="8250" type="Window" width="9000">
   </BOUNDS>
   <BOUNDS height="3600" left="2392" top="6866" type="Box" width="4800">
   </BOUNDS>
   <PIN pinname="Controller" slicecount="33" visible="1" values="0,1,2,3,4,5,6,7,8,9,10,11,12,13,14,15,16,17,18,19,20,21,22,23,24,25,26,27,28,29,30,31,32">
   </PIN>
   <PIN pinname="Value" visible="1">
   </PIN>
   <PIN pinname="Midi Output Port" slicecount="1" values="|MIDIOUT2 (USB2.0-MIDI)|">
   </PIN>
   <PIN pinname="Do Send" slicecount="1" visible="1" values="0">
   </PIN>
   <PIN pinname="Channel" slicecount="1" visible="1" values="0">
   </PIN>
   </NODE>
   <NODE nodename="IOBox (Value Advanced)" componentmode="InABox" id="215" systemname="IOBox (Value Advanced)">
   <BOUNDS type="Node" left="4041" top="6095" width="0" height="0">
   </BOUNDS>
   <BOUNDS type="Box" left="4041" top="6095" width="480" height="480">
   </BOUNDS>
   <PIN pinname="Y Input Value" slicecount="1" values="1">
   </PIN>
   <PIN pinname="Units" slicecount="1" values="||">
   </PIN>
   <PIN pinname="Precision" slicecount="1" values="4">
   </PIN>
   <PIN pinname="Value Type" slicecount="1" values="Boolean">
   </PIN>
   <PIN pinname="Behavior" slicecount="1" values="Toggle">
   </PIN>
   <PIN pinname="Descriptive Name" slicecount="1" values="|Send On Value Change|">
   </PIN>
   <PIN pinname="X Input Value" slicecount="1" values="1">
   </PIN>
   </NODE>
   <LINK srcnodeid="215" srcpinname="Y Output Value" dstnodeid="216" dstpinname="Send On Value Change">
   </LINK>
   <NODE systemname="Select (Value)" filename="%VVVV%\lib\nodes\plugins\VVVV.Nodes.dll" nodename="Select (Value)" componentmode="Hidden" id="228">
   <BOUNDS type="Node" left="1552" top="5528" width="100" height="100">
   </BOUNDS>
   <BOUNDS type="Box" left="1552" top="5528" width="1600" height="1600">
   </BOUNDS>
   <PIN pinname="Input" visible="1">
   </PIN>
   <PIN pinname="Select" visible="1">
   </PIN>
   <PIN pinname="Output" visible="1">
   </PIN>
   </NODE>
   <NODE nodename="IOBox (Value Advanced)" componentmode="InABox" id="230" systemname="IOBox (Value Advanced)">
   <BOUNDS type="Box" left="1920" top="2992" width="840" height="1384">
   </BOUNDS>
   <BOUNDS type="Node" left="1920" top="2992" width="0" height="0">
   </BOUNDS>
   <PIN pinname="Y Input Value" slicecount="9" visible="1" values="4,8,8,8,4,2,4,3,5">
   </PIN>
   <PIN pinname="Units" slicecount="1" values="||">
   </PIN>
   <PIN pinname="Precision" slicecount="1" values="4">
   </PIN>
   <PIN pinname="Value Type" slicecount="1" values="Integer">
   </PIN>
   <PIN pinname="Rows" slicecount="1" values="9">
   </PIN>
   <PIN pinname="Vector Size" slicecount="1" values="2">
   </PIN>
   <PIN pinname="Default" slicecount="1" values="|0, 0|">
   </PIN>
   <PIN pinname="Y Output Value" visible="1">
   </PIN>
   <PIN pinname="Descriptive Name" slicecount="1" values="midiChannels">
   </PIN>
   <PIN pinname="SliceCount Mode" slicecount="1" values="ColsRowsPages">
   </PIN>
   </NODE>
   <LINK srcnodeid="230" srcpinname="Y Output Value" dstnodeid="228" dstpinname="Select">
   </LINK>
   <NODE systemname="Cons (Spreads)" filename="%VVVV%\lib\nodes\plugins\VVVV.Nodes.dll" nodename="Cons (Spreads)" componentmode="Hidden" id="231">
   <BOUNDS type="Node" left="5080" top="3800" width="5860" height="270">
   </BOUNDS>
   <BOUNDS type="Box" left="5080" top="3800" width="1600" height="1600">
   </BOUNDS>
   <PIN pinname="Input 1" visible="1">
   </PIN>
   <PIN pinname="Input 2" visible="1" slicecount="8" values="0,0,0,0,0,0,0,0">
   </PIN>
   <PIN pinname="Output" visible="1">
   </PIN>
   <PIN pinname="Input Count" slicecount="1" values="9">
   </PIN>
   <PIN pinname="Input 3" visible="1">
   </PIN>
   <PIN pinname="Input 4" visible="1">
   </PIN>
   <PIN pinname="Input 5" visible="1" slicecount="3" values="0,0,0">
   </PIN>
   <PIN pinname="Input 6" visible="1">
   </PIN>
   <PIN pinname="Input 7" visible="1">
   </PIN>
   <PIN pinname="Input 8" visible="1">
   </PIN>
   <PIN pinname="Input 9" visible="1">
   </PIN>
   </NODE>
   <LINK srcnodeid="228" srcpinname="Output" dstnodeid="216" dstpinname="Channel" linkstyle="Bezier">
   <LINKPOINT x="1608" y="6324">
   </LINKPOINT>
   <LINKPOINT x="2624" y="6324">
   </LINKPOINT>
   </LINK>
   <NODE nodename="IOBox (Value Advanced)" componentmode="InABox" id="245">
   <BOUNDS type="Box" left="4120" top="2896" width="696" height="208">
   </BOUNDS>
   <BOUNDS type="Node" left="4120" top="2896" width="0" height="0">
   </BOUNDS>
   <PIN pinname="Y Input Value" slicecount="4" visible="1" values="0.74,0.47,0.641092119089563,0.443727349694228">
   </PIN>
   <PIN pinname="Units" slicecount="1" values="||">
   </PIN>
   <PIN pinname="Precision" slicecount="1" values="4">
   </PIN>
   <PIN pinname="Descriptive Name" slicecount="1" values="fader">
   </PIN>
   </NODE>
   <LINK srcnodeid="245" srcpinname="Y Output Value" dstnodeid="231" dstpinname="Input 1">
   </LINK>
   <NODE systemname="IOBox (Value Advanced)" nodename="IOBox (Value Advanced)" componentmode="InABox" id="247">
   <BOUNDS type="Node" left="7578" top="4402" width="100" height="100">
   </BOUNDS>
   <BOUNDS type="Box" left="7578" top="4402" width="368" height="2616">
   </BOUNDS>
   <PIN pinname="Value Type" slicecount="1" values="Boolean">
   </PIN>
   <PIN pinname="Behavior" slicecount="1" values="Press">
   </PIN>
   <PIN pinname="SliceCount Mode" slicecount="1" values="ColsRowsPages">
   </PIN>
   <PIN pinname="Rows" slicecount="1" values="8">
   </PIN>
   <PIN pinname="Descriptive Name" slicecount="1" values="lights">
   </PIN>
   <PIN pinname="Y Output Value" visible="1">
   </PIN>
   <PIN pinname="X Input Value" slicecount="8" values="0,0,0,0,0,0,0,0">
   </PIN>
   <PIN pinname="Y Input Value" slicecount="8" values="0,0,0,0,0,0,0,0">
   </PIN>
   </NODE>
   <NODE systemname="Switch (Value Input)" nodename="Switch (Value Input)" componentmode="Hidden" id="248">
   <BOUNDS type="Node" left="4784" top="5168" width="100" height="100">
   </BOUNDS>
   <PIN pinname="Switch" visible="1">
   </PIN>
   <PIN pinname="Input 1" visible="1">
   </PIN>
   <PIN pinname="Output" visible="1">
   </PIN>
   <PIN pinname="Input 2" visible="1">
   </PIN>
   </NODE>
   <LINK srcnodeid="231" srcpinname="Output" dstnodeid="248" dstpinname="Input 1">
   </LINK>
   <LINK srcnodeid="248" srcpinname="Output" dstnodeid="216" dstpinname="Value" linkstyle="Bezier">
   <LINKPOINT x="4680" y="6134">
   </LINKPOINT>
   <LINKPOINT x="3264" y="6130">
   </LINKPOINT>
   </LINK>
   <NODE systemname="IOBox (Value Advanced)" nodename="IOBox (Value Advanced)" componentmode="InABox" id="250">
   <BOUNDS type="Node" left="6728" top="6094" width="100" height="100">
   </BOUNDS>
   <BOUNDS type="Box" left="6728" top="6094" width="720" height="960">
   </BOUNDS>
   <PIN pinname="Minimum" slicecount="1" values="0">
   </PIN>
   <PIN pinname="Maximum" slicecount="1" values="1">
   </PIN>
   <PIN pinname="Show Slider" slicecount="1" values="1">
   </PIN>
   <PIN pinname="SliceCount Mode" slicecount="1" values="ColsRowsPages">
   </PIN>
   <PIN pinname="Columns" slicecount="1" values="4">
   </PIN>
   <PIN pinname="Descriptive Name" slicecount="1" values="fader">
   </PIN>
   <PIN pinname="Y Output Value" visible="1">
   </PIN>
   </NODE>
   <NODE systemname="Cons (Spreads)" filename="%VVVV%\lib\nodes\plugins\VVVV.Nodes.dll" nodename="Cons (Spreads)" componentmode="Hidden" id="251" hiddenwhenlocked="1">
   <BOUNDS type="Node" left="7944" top="7784" width="2420" height="270">
   </BOUNDS>
   <BOUNDS type="Box" left="7944" top="7784" width="1600" height="1600">
   </BOUNDS>
   <PIN pinname="Input 1" visible="1" slicecount="1" values="0">
   </PIN>
   <PIN pinname="Input 2" visible="1" slicecount="1" values="0">
   </PIN>
   <PIN pinname="Output" visible="1">
   </PIN>
   <PIN pinname="Input Count" slicecount="1" values="9">
   </PIN>
   <PIN pinname="Input 3" visible="1" slicecount="1" values="0">
   </PIN>
   <PIN pinname="Input 4" visible="1" slicecount="1" values="0">
   </PIN>
   <PIN pinname="Input 5" visible="1" slicecount="3" values="0,0,0">
   </PIN>
   <PIN pinname="Input 6" visible="1">
   </PIN>
   <PIN pinname="Input 7" visible="1">
   </PIN>
   <PIN pinname="Input 8" visible="1">
   </PIN>
   <PIN pinname="Input 9" visible="1">
   </PIN>
   </NODE>
   <LINK srcnodeid="250" srcpinname="Y Output Value" dstnodeid="251" dstpinname="Input 1" hiddenwhenlocked="1">
   </LINK>
   <LINK srcnodeid="247" srcpinname="Y Output Value" dstnodeid="251" dstpinname="Input 2" hiddenwhenlocked="1">
   </LINK>
   <LINK srcnodeid="251" srcpinname="Output" dstnodeid="248" dstpinname="Input 2" hiddenwhenlocked="1">
   </LINK>
   <NODE systemname="R (Value)" nodename="R (Value)" componentmode="Hidden" id="252">
   <BOUNDS type="Node" left="4552" top="4576" width="100" height="100">
   </BOUNDS>
   <PIN pinname="Receive String" slicecount="1" values="ctrl_learnMode">
   </PIN>
   <PIN pinname="Input Value" visible="1">
   </PIN>
   </NODE>
   <LINK srcnodeid="252" srcpinname="Input Value" dstnodeid="248" dstpinname="Switch">
   </LINK>
   <NODE systemname="IOBox (Value Advanced)" nodename="IOBox (Value Advanced)" componentmode="InABox" id="253">
   <BOUNDS type="Node" left="8170" top="4434" width="100" height="100">
   </BOUNDS>
   <BOUNDS type="Box" left="8170" top="4434" width="368" height="2616">
   </BOUNDS>
   <PIN pinname="Value Type" slicecount="1" values="Boolean">
   </PIN>
   <PIN pinname="Behavior" slicecount="1" values="Press">
   </PIN>
   <PIN pinname="SliceCount Mode" slicecount="1" values="ColsRowsPages">
   </PIN>
   <PIN pinname="Rows" slicecount="1" values="8">
   </PIN>
   <PIN pinname="Descriptive Name" slicecount="1" values="lights">
   </PIN>
   <PIN pinname="Y Output Value" visible="1">
   </PIN>
   <PIN pinname="X Input Value" slicecount="8" values="0,0,0,0,0,0,0,0">
   </PIN>
   <PIN pinname="Y Input Value" slicecount="8" values="0,0,0,0,0,0,0,0">
   </PIN>
   </NODE>
   <LINK srcnodeid="253" srcpinname="Y Output Value" dstnodeid="251" dstpinname="Input 3" hiddenwhenlocked="1">
   </LINK>
   <NODE systemname="IOBox (Value Advanced)" nodename="IOBox (Value Advanced)" componentmode="InABox" id="255">
   <BOUNDS type="Node" left="8698" top="4418" width="100" height="100">
   </BOUNDS>
   <BOUNDS type="Box" left="8698" top="4418" width="368" height="2616">
   </BOUNDS>
   <PIN pinname="Value Type" slicecount="1" values="Boolean">
   </PIN>
   <PIN pinname="Behavior" slicecount="1" values="Press">
   </PIN>
   <PIN pinname="SliceCount Mode" slicecount="1" values="ColsRowsPages">
   </PIN>
   <PIN pinname="Rows" slicecount="1" values="8">
   </PIN>
   <PIN pinname="Descriptive Name" slicecount="1" values="lights">
   </PIN>
   <PIN pinname="Y Output Value" visible="1">
   </PIN>
   <PIN pinname="X Input Value" slicecount="8" values="0,0,0,0,0,0,0,0">
   </PIN>
   <PIN pinname="Y Input Value" slicecount="8" values="0,0,0,0,0,0,0,0">
   </PIN>
   </NODE>
   <LINK srcnodeid="255" srcpinname="Y Output Value" dstnodeid="251" dstpinname="Input 4" hiddenwhenlocked="1">
   </LINK>
   <NODE systemname="Unzip (Value)" filename="%VVVV%\lib\nodes\plugins\VVVV.Nodes.dll" nodename="Unzip (Value)" componentmode="Hidden" id="256">
   <BOUNDS type="Node" left="6086" top="3262" width="100" height="100">
   </BOUNDS>
   <BOUNDS type="Box" left="6086" top="3262" width="1600" height="1600">
   </BOUNDS>
   <PIN pinname="Output Count" slicecount="1" values="3">
   </PIN>
   <PIN pinname="Input" visible="1">
   </PIN>
   <PIN pinname="Output 1" visible="1">
   </PIN>
   <PIN pinname="Output 2" visible="1">
   </PIN>
   <PIN pinname="Output 3" visible="1">
   </PIN>
   </NODE>
   <NODE nodename="IOBox (Value Advanced)" componentmode="InABox" id="257">
   <BOUNDS type="Box" left="5870" top="2726" width="696" height="208">
   </BOUNDS>
   <BOUNDS type="Node" left="5870" top="2726" width="0" height="0">
   </BOUNDS>
   <PIN pinname="Y Input Value" slicecount="1" visible="1" values="0">
   </PIN>
   <PIN pinname="Units" slicecount="1" values="||">
   </PIN>
   <PIN pinname="Precision" slicecount="1" values="4">
   </PIN>
   <PIN pinname="Descriptive Name" slicecount="1" values="lights8x3">
   </PIN>
   </NODE>
   <LINK srcnodeid="257" srcpinname="Y Output Value" dstnodeid="256" dstpinname="Input">
   </LINK>
   <LINK srcnodeid="256" srcpinname="Output 1" dstnodeid="231" dstpinname="Input 2">
   </LINK>
   <LINK srcnodeid="256" srcpinname="Output 2" dstnodeid="231" dstpinname="Input 3">
   </LINK>
   <LINK srcnodeid="256" srcpinname="Output 3" dstnodeid="231" dstpinname="Input 4">
   </LINK>
   <NODE systemname="IOBox (Value Advanced)" nodename="IOBox (Value Advanced)" componentmode="InABox" id="264">
   <BOUNDS type="Node" left="9222" top="5702" width="100" height="100">
   </BOUNDS>
   <BOUNDS type="Box" left="9222" top="5702" width="420" height="1290">
   </BOUNDS>
   <PIN pinname="Value Type" slicecount="1" values="Boolean">
   </PIN>
   <PIN pinname="Behavior" slicecount="1" values="Press">
   </PIN>
   <PIN pinname="SliceCount Mode" slicecount="1" values="ColsRowsPages">
   </PIN>
   <PIN pinname="Rows" slicecount="1" values="4">
   </PIN>
   <PIN pinname="Descriptive Name" slicecount="1" values="impulse">
   </PIN>
   <PIN pinname="Y Output Value" visible="1">
   </PIN>
   <PIN pinname="X Input Value" slicecount="4" values="0,0,0,0">
   </PIN>
   <PIN pinname="Y Input Value" slicecount="4" values="0,0,0,0">
   </PIN>
   </NODE>
   <LINK srcnodeid="264" srcpinname="Y Output Value" dstnodeid="251" dstpinname="Input 5" hiddenwhenlocked="1">
   </LINK>
   <NODE systemname="R (Value)" nodename="R (Value)" componentmode="Hidden" id="271">
   <BOUNDS type="Node" left="8912" top="1288" width="100" height="100">
   </BOUNDS>
   <PIN pinname="Receive String" slicecount="1" values="bowel_accelertage">
   </PIN>
   <PIN pinname="Input Value" visible="1">
   </PIN>
   </NODE>
   <NODE systemname="R (Value)" nodename="R (Value)" componentmode="Hidden" id="272">
   <BOUNDS type="Node" left="8010" top="1614" width="100" height="100">
   </BOUNDS>
   <PIN pinname="Receive String" slicecount="1" values="bowel_stop">
   </PIN>
   <PIN pinname="Input Value" visible="1">
   </PIN>
   </NODE>
   <NODE systemname="Zip (Value)" filename="%VVVV%\lib\nodes\plugins\VVVV.Nodes.dll" nodename="Zip (Value)" componentmode="Hidden" id="273">
   <BOUNDS type="Node" left="8058" top="2490" width="100" height="100">
   </BOUNDS>
   <BOUNDS type="Box" left="8058" top="2490" width="1600" height="1600">
   </BOUNDS>
   <PIN pinname="Input 1" visible="1">
   </PIN>
   <PIN pinname="Input 2" visible="1">
   </PIN>
   <PIN pinname="Output" visible="1">
   </PIN>
   </NODE>
   <LINK srcnodeid="273" srcpinname="Output" dstnodeid="231" dstpinname="Input 6">
   </LINK>
   <LINK srcnodeid="272" srcpinname="Input Value" dstnodeid="273" dstpinname="Input 1">
   </LINK>
   <NODE systemname="IOBox (Value Advanced)" nodename="IOBox (Value Advanced)" componentmode="InABox" id="275">
   <BOUNDS type="Node" left="9802" top="6134" width="100" height="100">
   </BOUNDS>
   <BOUNDS type="Box" left="9802" top="6134" width="376" height="816">
   </BOUNDS>
   <PIN pinname="Value Type" slicecount="1" values="Boolean">
   </PIN>
   <PIN pinname="Behavior" slicecount="1" values="Press">
   </PIN>
   <PIN pinname="SliceCount Mode" slicecount="1" values="ColsRowsPages">
   </PIN>
   <PIN pinname="Rows" slicecount="1" values="2">
   </PIN>
   <PIN pinname="Descriptive Name" slicecount="1" values="|bowel speed stop acc|">
   </PIN>
   <PIN pinname="Y Output Value" visible="1">
   </PIN>
   <PIN pinname="X Input Value" slicecount="2" values="0,0">
   </PIN>
   <PIN pinname="Y Input Value" slicecount="2" values="0,0">
   </PIN>
   </NODE>
   <LINK srcnodeid="275" srcpinname="Y Output Value" dstnodeid="251" dstpinname="Input 6" hiddenwhenlocked="1">
   </LINK>
   <NODE systemname="Count (Value)" nodename="Count (Value)" componentmode="Hidden" id="286">
   <BOUNDS type="Node" left="944" top="4488" width="100" height="100">
   </BOUNDS>
   <PIN pinname="Indices" visible="1">
   </PIN>
   <PIN pinname="Input" visible="1">
   </PIN>
   <PIN pinname="Count" visible="1">
   </PIN>
   </NODE>
   <LINK srcnodeid="230" srcpinname="Y Output Value" dstnodeid="286" dstpinname="Indices">
   </LINK>
   <LINK srcnodeid="230" srcpinname="Y Output Value" dstnodeid="286" dstpinname="Input">
   </LINK>
   <NODE systemname="I (Spreads)" nodename="I (Spreads)" componentmode="Hidden" id="287">
   <BOUNDS type="Node" left="784" top="5064" width="100" height="100">
   </BOUNDS>
   <PIN pinname=".. To [" visible="1">
   </PIN>
   <PIN pinname="Output" visible="1">
   </PIN>
   </NODE>
   <LINK srcnodeid="286" srcpinname="Count" dstnodeid="287" dstpinname=".. To [">
   </LINK>
   <NODE id="295" systemname="I (Spreads)" nodename="I (Spreads)" componentmode="Hidden" hiddenwhenlocked="0" managers="">
   <PIN pinname=".. To [" slicecount="1" pintype="Input" visible="1" values="8">
   </PIN>
   <BOUNDS type="Node" left="2520" top="5400" width="100" height="100">
   </BOUNDS>
   <PIN pinname="Descriptive Name" pintype="Configuration" slicecount="1" values="||">
   </PIN>
   <PIN pinname="Tag" pintype="Configuration" slicecount="1" values="||">
   </PIN>
   <PIN pinname="[ From .." pintype="Input" visible="1" slicecount="1" values="0">
   </PIN>
   <PIN pinname="Phase" pintype="Input" visible="1" slicecount="1" values="0">
   </PIN>
   <PIN pinname="Output" pintype="Output" visible="1">
   </PIN>
   <PIN pinname="ID" pintype="Output" visible="-1">
   </PIN>
   </NODE>
   <LINK srcnodeid="230" srcpinname="Y Output Value" dstnodeid="295" dstpinname=".. To [">
   </LINK>
   <LINK srcnodeid="295" srcpinname="Output" dstnodeid="216" dstpinname="Controller">
   </LINK>
   <NODE systemname="IOBox (Value Advanced)" nodename="IOBox (Value Advanced)" componentmode="InABox" id="296">
   <BOUNDS type="Node" left="11498" top="5658" width="100" height="100">
   </BOUNDS>
   <BOUNDS type="Box" left="11498" top="5658" width="400" height="1208">
   </BOUNDS>
   <PIN pinname="Value Type" slicecount="1" values="Boolean">
   </PIN>
   <PIN pinname="Behavior" slicecount="1" values="Press">
   </PIN>
   <PIN pinname="SliceCount Mode" slicecount="1" values="ColsRowsPages">
   </PIN>
   <PIN pinname="Rows" slicecount="1" values="4">
   </PIN>
   <PIN pinname="Descriptive Name" slicecount="1" values="trigger">
   </PIN>
   <PIN pinname="Y Output Value" visible="1">
   </PIN>
   <PIN pinname="X Input Value" slicecount="4" values="0,0,0,0">
   </PIN>
   <PIN pinname="Y Input Value" slicecount="4" values="0,0,0,0">
   </PIN>
   </NODE>
   <LINK srcnodeid="296" srcpinname="Y Output Value" dstnodeid="251" dstpinname="Input 7" hiddenwhenlocked="1">
   </LINK>
   <PACK Name="dx11" Version="1.0.2">
   </PACK>
   <NODE systemname="R (Value)" nodename="R (Value)" componentmode="Hidden" id="297">
   <BOUNDS type="Node" left="9334" top="2692" width="100" height="100">
   </BOUNDS>
   <PIN pinname="Receive String" slicecount="1" values="kinect_trigger">
   </PIN>
   <PIN pinname="Input Value" visible="1">
   </PIN>
   </NODE>
   <LINK srcnodeid="297" srcpinname="Input Value" dstnodeid="231" dstpinname="Input 7">
   </LINK>
   <LINK srcnodeid="287" srcpinname="Output" dstnodeid="228" dstpinname="Input">
   </LINK>
   <NODE systemname="R (Value)" nodename="R (Value)" componentmode="Hidden" id="298">
   <BOUNDS type="Node" left="4386" top="278" width="100" height="100">
   </BOUNDS>
   <PIN pinname="Receive String" slicecount="1" values="impulse_Start">
   </PIN>
   <PIN pinname="Input Value" visible="1">
   </PIN>
   </NODE>
   <NODE systemname="R (Value)" nodename="R (Value)" componentmode="Hidden" id="300">
   <BOUNDS type="Node" left="6726" top="1216" width="100" height="100">
   </BOUNDS>
   <PIN pinname="Receive String" slicecount="1" values="impulse_position">
   </PIN>
   <PIN pinname="Input Value" visible="1">
   </PIN>
   </NODE>
   <NODE systemname="IOBox (Value Advanced)" nodename="IOBox (Value Advanced)" componentmode="InABox" id="302">
   <BOUNDS type="Node" left="12114" top="5642" width="100" height="100">
   </BOUNDS>
   <BOUNDS type="Box" left="12114" top="5642" width="400" height="1208">
   </BOUNDS>
   <PIN pinname="Value Type" slicecount="1" values="Boolean">
   </PIN>
   <PIN pinname="Behavior" slicecount="1" values="Press">
   </PIN>
   <PIN pinname="SliceCount Mode" slicecount="1" values="ColsRowsPages">
   </PIN>
   <PIN pinname="Rows" slicecount="1" values="3">
   </PIN>
   <PIN pinname="Descriptive Name" slicecount="1" values="spatial">
   </PIN>
   <PIN pinname="Y Output Value" visible="1">
   </PIN>
   <PIN pinname="X Input Value" slicecount="3" values="0,0,0">
   </PIN>
   <PIN pinname="Y Input Value" slicecount="3" values="0,0,0">
   </PIN>
   </NODE>
   <LINK srcnodeid="302" srcpinname="Y Output Value" dstnodeid="251" dstpinname="Input 8" hiddenwhenlocked="1">
   </LINK>
   <NODE systemname="R (Value)" nodename="R (Value)" componentmode="Hidden" id="303">
   <BOUNDS type="Node" left="9982" top="3138" width="100" height="100">
   </BOUNDS>
   <PIN pinname="Receive String" slicecount="1" values="audio_spatialSound">
   </PIN>
   <PIN pinname="Input Value" visible="1">
   </PIN>
   </NODE>
   <LINK srcnodeid="303" srcpinname="Input Value" dstnodeid="231" dstpinname="Input 8">
   </LINK>
   <NODE systemname="R (Value)" nodename="R (Value)" componentmode="Hidden" id="307">
   <BOUNDS type="Node" left="5960" top="270" width="100" height="100">
   </BOUNDS>
   <PIN pinname="Receive String" slicecount="1" values="impulse_Stop">
   </PIN>
   <PIN pinname="Input Value" visible="1">
   </PIN>
   </NODE>
   <NODE systemname="FlipFlop (Animation)" nodename="FlipFlop (Animation)" componentmode="Hidden" id="308">
   <BOUNDS type="Node" left="4840" top="790" width="100" height="100">
   </BOUNDS>
   <PIN pinname="Set" visible="1">
   </PIN>
   <PIN pinname="Reset" visible="1">
   </PIN>
   <PIN pinname="Output" visible="1">
   </PIN>
   </NODE>
   <LINK srcnodeid="298" srcpinname="Input Value" dstnodeid="308" dstpinname="Set">
   </LINK>
   <LINK srcnodeid="307" srcpinname="Input Value" dstnodeid="308" dstpinname="Reset">
   </LINK>
   <NODE systemname="Zip (Value)" nodename="Zip (Value)" componentmode="Hidden" id="301" filename="%VVVV%\lib\nodes\plugins\VVVV.Nodes.dll">
   <BOUNDS type="Node" left="5776" top="1704" width="100" height="100">
   </BOUNDS>
   <PIN pinname="X" visible="1">
   </PIN>
   <PIN pinname="Y" visible="1" slicecount="1" values="0">
   </PIN>
   <PIN pinname="Z" visible="1">
   </PIN>
   <PIN pinname="XYZ" visible="1">
   </PIN>
   <PIN pinname="Input Count" slicecount="1" values="4">
   </PIN>
   <PIN pinname="Output" visible="1">
   </PIN>
   <PIN pinname="Input 1" visible="1">
   </PIN>
   <PIN pinname="Input 2" visible="1">
   </PIN>
   <PIN pinname="Input 3" visible="1">
   </PIN>
   <PIN pinname="Input 5" visible="1">
   </PIN>
   <PIN pinname="Input 4" visible="1">
   </PIN>
   </NODE>
   <LINK srcnodeid="300" srcpinname="Input Value" dstnodeid="301" dstpinname="Z">
   </LINK>
   <LINK srcnodeid="308" srcpinname="Output" dstnodeid="301" dstpinname="X">
   </LINK>
   <LINK srcnodeid="298" srcpinname="Input Value" dstnodeid="301" dstpinname="Y">
   <LINKPOINT x="5960" y="835">
   </LINKPOINT>
   </LINK>
   <LINK srcnodeid="301" srcpinname="Output" dstnodeid="231" dstpinname="Input 5">
   </LINK>
   <LINK srcnodeid="308" srcpinname="Output" dstnodeid="301" dstpinname="Input 1">
   </LINK>
   <LINK srcnodeid="298" srcpinname="Input Value" dstnodeid="301" dstpinname="Input 2">
   </LINK>
   <LINK srcnodeid="307" srcpinname="Input Value" dstnodeid="301" dstpinname="Input 3">
   </LINK>
   <LINK srcnodeid="300" srcpinname="Input Value" dstnodeid="301" dstpinname="Input 5">
   </LINK>
   <LINK srcnodeid="300" srcpinname="Input Value" dstnodeid="301" dstpinname="Input 4">
   </LINK>
   <NODE systemname="IOBox (Value Advanced)" nodename="IOBox (Value Advanced)" componentmode="InABox" id="312">
   <BOUNDS type="Node" left="12898" top="4598" width="100" height="100">
   </BOUNDS>
   <BOUNDS type="Box" left="12898" top="4598" width="500" height="2310">
   </BOUNDS>
   <PIN pinname="Value Type" slicecount="1" values="Boolean">
   </PIN>
   <PIN pinname="Behavior" slicecount="1" values="Press">
   </PIN>
   <PIN pinname="SliceCount Mode" slicecount="1" values="ColsRowsPages">
   </PIN>
   <PIN pinname="Rows" slicecount="1" values="5">
   </PIN>
   <PIN pinname="Descriptive Name" slicecount="1" values="particles">
   </PIN>
   <PIN pinname="Y Output Value" visible="1">
   </PIN>
   <PIN pinname="X Input Value" slicecount="5" values="0,0,0,0,0">
   </PIN>
   <PIN pinname="Y Input Value" slicecount="5" values="0,0,0,0,0">
   </PIN>
   </NODE>
   <LINK srcnodeid="312" srcpinname="Y Output Value" dstnodeid="251" dstpinname="Input 9" hiddenwhenlocked="1">
   </LINK>
   <NODE systemname="Cons (Spreads)" filename="%VVVV%\lib\nodes\plugins\VVVV.Nodes.dll" nodename="Cons (Spreads)" componentmode="Hidden" id="313">
   <BOUNDS type="Node" left="12400" top="2570" width="1270" height="270">
   </BOUNDS>
   <BOUNDS type="Box" left="12400" top="2570" width="2000" height="2000">
   </BOUNDS>
   <PIN pinname="Input Count" slicecount="1" values="5">
   </PIN>
   <PIN pinname="Input 1" visible="1">
   </PIN>
   <PIN pinname="Input 2" visible="1">
   </PIN>
   <PIN pinname="Output" visible="1">
   </PIN>
   <PIN pinname="Input 3" visible="1">
   </PIN>
   <PIN pinname="Input 4" visible="1" slicecount="1" values="0">
   </PIN>
   <PIN pinname="Input 5" visible="1">
   </PIN>
   </NODE>
   <NODE nodename="IOBox (String)" componentmode="InABox" id="314">
   <BOUNDS type="Node" left="12630" top="540" width="730" height="230">
   </BOUNDS>
   <BOUNDS type="Box" left="12630" top="540" width="730" height="230">
   </BOUNDS>
   <PIN pinname="Input String" visible="0" slicecount="1" values="particles">
   </PIN>
   <PIN pinname="Output String" visible="0">
   </PIN>
   <PIN pinname="Show Grid" slicecount="1" values="0">
   </PIN>
   <PIN pinname="String Type" slicecount="1" values="MultiLine">
   </PIN>
   </NODE>
   <NODE systemname="R (Value)" nodename="R (Value)" componentmode="Hidden" id="315">
   <BOUNDS type="Node" left="13180" top="1230" width="100" height="100">
   </BOUNDS>
   <PIN pinname="Receive String" slicecount="1" values="bowel_accelertage">
   </PIN>
   <PIN pinname="Input Value" visible="1">
   </PIN>
   </NODE>
   <NODE systemname="R (Value)" nodename="R (Value)" componentmode="Hidden" id="316">
   <BOUNDS type="Node" left="11720" top="900" width="100" height="100">
   </BOUNDS>
   <PIN pinname="Receive String" slicecount="1" values="kinect_area">
   </PIN>
   <PIN pinname="Input Value" visible="1">
   </PIN>
   </NODE>
   <NODE systemname="GT (Value)" nodename="GT (Value)" componentmode="Hidden" id="317">
   <BOUNDS type="Node" left="11760" top="1420" width="100" height="100">
   </BOUNDS>
   <PIN pinname="Input 1" visible="1">
   </PIN>
   <PIN pinname="Output" visible="1">
   </PIN>
   </NODE>
   <LINK srcnodeid="316" srcpinname="Input Value" dstnodeid="317" dstpinname="Input 1">
   </LINK>
   <LINK srcnodeid="313" srcpinname="Output" dstnodeid="231" dstpinname="Input 9">
   </LINK>
   <NODE systemname="TogEdge (Animation)" nodename="TogEdge (Animation)" componentmode="Hidden" id="318">
   <BOUNDS type="Node" left="11700" top="1990" width="100" height="100">
   </BOUNDS>
   <PIN pinname="Input" visible="1" slicecount="1" values="0">
   </PIN>
   <PIN pinname="Up Edge" visible="1">
   </PIN>
   <PIN pinname="Down Edge" visible="1">
   </PIN>
   </NODE>
   <LINK srcnodeid="318" srcpinname="Up Edge" dstnodeid="313" dstpinname="Input 1">
   </LINK>
   <LINK srcnodeid="318" srcpinname="Down Edge" dstnodeid="313" dstpinname="Input 2">
   </LINK>
   <NODE systemname="AND (Boolean)" nodename="AND (Boolean)" componentmode="Hidden" id="319">
   <BOUNDS type="Node" left="12780" top="2010" width="100" height="100">
   </BOUNDS>
   <PIN pinname="Input 1" visible="1">
   </PIN>
   <PIN pinname="Input 2" visible="1">
   </PIN>
   <PIN pinname="Output" visible="1">
   </PIN>
   </NODE>
   <LINK srcnodeid="317" srcpinname="Output" dstnodeid="319" dstpinname="Input 1">
   </LINK>
   <LINK srcnodeid="319" srcpinname="Output" dstnodeid="313" dstpinname="Input 3">
   </LINK>
   <NODE systemname="R (Value)" nodename="R (Value)" componentmode="Hidden" id="320">
   <BOUNDS type="Node" left="13470" top="1780" width="100" height="100">
   </BOUNDS>
   <PIN pinname="Receive String" slicecount="1" values="particles_spawn">
   </PIN>
   <PIN pinname="Input Value" visible="1">
   </PIN>
   </NODE>
   <NODE systemname="R (Value)" nodename="R (Value)" componentmode="Hidden" id="323">
   <BOUNDS type="Node" left="8460" top="1980" width="100" height="100">
   </BOUNDS>
   <PIN pinname="Receive String" slicecount="1" values="fx_doFart">
   </PIN>
   <PIN pinname="Input Value" visible="1">
   </PIN>
   </NODE>
   <LINK srcnodeid="323" srcpinname="Input Value" dstnodeid="273" dstpinname="Input 2">
   </LINK>
   <NODE nodename="IOBox (String)" componentmode="InABox" id="324">
   <BOUNDS type="Node" left="8690" top="630" width="990" height="230">
   </BOUNDS>
   <BOUNDS type="Box" left="8690" top="630" width="990" height="230">
   </BOUNDS>
   <PIN pinname="Input String" visible="0" slicecount="1" values="|bowel + fart|">
   </PIN>
   <PIN pinname="Output String" visible="0">
   </PIN>
   <PIN pinname="Show Grid" slicecount="1" values="0">
   </PIN>
   <PIN pinname="String Type" slicecount="1" values="MultiLine">
   </PIN>
   </NODE>
   <LINK srcnodeid="317" srcpinname="Output" dstnodeid="318" dstpinname="Input">
   </LINK>
   <LINK srcnodeid="315" srcpinname="Input Value" dstnodeid="319" dstpinname="Input 2">
   </LINK>
   <NODE systemname="R (Value)" nodename="R (Value)" componentmode="Hidden" id="332">
   <BOUNDS type="Node" left="13770" top="2190" width="100" height="100">
   </BOUNDS>
   <PIN pinname="Receive String" slicecount="1" values="particles_kill">
   </PIN>
   <PIN pinname="Input Value" visible="1">
   </PIN>
   </NODE>
   <LINK srcnodeid="332" srcpinname="Input Value" dstnodeid="313" dstpinname="Input 5">
   </LINK>
   <LINK srcnodeid="320" srcpinname="Input Value" dstnodeid="313" dstpinname="Input 4">
   </LINK>
   </PATCH>