<!DOCTYPE PATCH  SYSTEM "http://vvvv.org/versions/vvvv50beta35.8.dtd" >
   <PATCH nodename="D:\GIT\Reizdarm\VVVV\subpatches\particles_spawner.v4p" scrollx="860" scrolly="1480" systemname="particles_spawner" filename="C:\GIT\Reizdarm\VVVV\subpatches\particles_spawner.v4p">
   <NODE componentmode="InABox" id="0" nodename="IOBOX (VALUE ADVANCED)" systemname="IOBox (Value Advanced)">
   <BOUNDS height="0" left="3861" top="7997" type="Node" width="0">
   </BOUNDS>
   <BOUNDS height="480" left="3861" top="7997" type="Box" width="480">
   </BOUNDS>
   <BOUNDS height="160" left="6495" top="5430" type="Window" width="215">
   </BOUNDS>
   <PIN pinname="Show Value" slicecount="1" values="0">
   </PIN>
   <PIN pinname="Show Slider" slicecount="1" values="1">
   </PIN>
   <PIN pinname="Minimum" slicecount="1" values="0">
   </PIN>
   <PIN pinname="Maximum" slicecount="1" values="1">
   </PIN>
   <PIN pinname="Slider Behavior" slicecount="1" values="Bang">
   </PIN>
   <PIN pinname="Descriptive Name" slicecount="1" values="Create">
   </PIN>
   <PIN pinname="Y Output Value" visible="1">
   </PIN>
   <PIN pinname="X Input Value" slicecount="1" values="0">
   </PIN>
   <PIN pinname="Y Input Value" slicecount="4" visible="1" values="0,0,0,0">
   </PIN>
   </NODE>
   <NODE componentmode="Hidden" id="1" nodename="CreateBoxes.v4p" systemname="CreateBoxes" filename="%VVVV%\packs\box2d\nodes\plugins\CreateBoxes.v4p">
   <BOUNDS height="100" left="2399" top="8573" type="Node" width="100">
   </BOUNDS>
   <PIN pinname="World" visible="1" slicecount="1" values="||">
   </PIN>
   <BOUNDS left="2399" top="8573" type="Box">
   </BOUNDS>
   <PIN pinname="Create" visible="1">
   </PIN>
   <PIN pinname="Size XY" slicecount="1" visible="1" values="1">
   </PIN>
   <PIN pinname="Position XY" visible="1" slicecount="18" values="-9.37240120954812,7.22096934448928,-5.94838069751859,-4.54157465603203,3.43308837153018,-3.62617457751185,-6.7640906944871,-2.55523282568902,-1.48652465082705,-8.3597568096593,-0.504118707031012,-8.5886133974418,6.817088695243,-8.80551530513912,-4.13406856358051,8.34569417405874,-2.64187042601407,5.49329794477671">
   </PIN>
   <BOUNDS type="Window" left="544" top="1944" width="7904" height="7648">
   </BOUNDS>
   </NODE>
   <NODE systemname="IOBox (Value Advanced)" nodename="IOBox (Value Advanced)" componentmode="InABox" id="2">
   <BOUNDS type="Node" left="1966" top="5732" width="100" height="100">
   </BOUNDS>
   <BOUNDS type="Box" left="1966" top="5732" width="616" height="1600">
   </BOUNDS>
   <PIN pinname="Rows" slicecount="1" values="8">
   </PIN>
   <PIN pinname="Y Input Value" slicecount="8" values="4,3.5,2.5,2.2,0.5,0.5,0.5,2">
   </PIN>
   <PIN pinname="Vector Size" slicecount="1" values="3">
   </PIN>
   <PIN pinname="Default" slicecount="1" values="|0, 0, 0|">
   </PIN>
   <PIN pinname="Y Output Value" visible="1">
   </PIN>
   <PIN pinname="SliceCount Mode" slicecount="1" values="ColsRowsPages">
   </PIN>
   <PIN pinname="Columns" slicecount="1" values="1">
   </PIN>
   </NODE>
   <NODE systemname="IOBox (Value Advanced)" nodename="IOBox (Value Advanced)" componentmode="InABox" id="3">
   <BOUNDS type="Node" left="2884" top="5996" width="100" height="100">
   </BOUNDS>
   <BOUNDS type="Box" left="2884" top="5996" width="795" height="720">
   </BOUNDS>
   <PIN pinname="Rows" slicecount="1" values="4">
   </PIN>
   <PIN pinname="Y Input Value" slicecount="4" values="1,2,50,10">
   </PIN>
   <PIN pinname="Vector Size" slicecount="1" values="3">
   </PIN>
   <PIN pinname="Default" slicecount="1" values="|0, 0, 0|">
   </PIN>
   <PIN pinname="Y Output Value" visible="1">
   </PIN>
   <PIN pinname="SliceCount Mode" slicecount="1" values="ColsRowsPages">
   </PIN>
   </NODE>
   <NODE nodename="IOBox (Value Advanced)" componentmode="InABox" id="4" systemname="IOBox (Value Advanced)">
   <BOUNDS type="Box" left="3092" top="7932" width="696" height="416">
   </BOUNDS>
   <BOUNDS type="Node" left="3092" top="7932" width="0" height="0">
   </BOUNDS>
   <PIN pinname="Y Input Value" slicecount="2" visible="1" values="0,0">
   </PIN>
   <PIN pinname="Units" slicecount="1" values="||">
   </PIN>
   <PIN pinname="Precision" slicecount="1" values="4">
   </PIN>
   <PIN pinname="Vector Size" slicecount="1" values="2">
   </PIN>
   <PIN pinname="Rows" slicecount="1" values="2">
   </PIN>
   <PIN pinname="X Input Value" slicecount="2" values="0,0">
   </PIN>
   </NODE>
   <NODE systemname="Select (Value Vector)" filename="%VVVV%\lib\nodes\plugins\VVVV.Nodes.dll" nodename="Select (Value Vector)" componentmode="Hidden" id="5">
   <BOUNDS type="Node" left="2228" top="7828" width="100" height="100">
   </BOUNDS>
   <BOUNDS type="Box" left="2228" top="7828" width="1600" height="1600">
   </BOUNDS>
   <PIN pinname="Select" slicecount="1" visible="1" values="2">
   </PIN>
   <PIN pinname="Output" visible="1">
   </PIN>
   <PIN pinname="Input" visible="1" slicecount="4" values="1,2,100,20">
   </PIN>
   <PIN pinname="Vector Size" slicecount="1" values="2">
   </PIN>
   </NODE>
   <NODE nodename="GetSlice (Node)" componentmode="Hidden" id="6" systemname="GetSlice (Node)">
   <BOUNDS type="Node" left="7198" top="9046" width="0" height="0">
   </BOUNDS>
   <PIN pinname="Index" visible="1" slicecount="60" values="0,0,0,0,0,0,0,0,0,0,0,0,0,0,0,0,0,0,0,0,0,0,0,0,0,0,0,0,0,0,0,0,0,0,0,0,0,0,0,0,0,0,0,0,0,0,0,0,0,0,0,0,0,0,0,0,0,0,0,0">
   </PIN>
   <PIN pinname="Input Node" visible="1" slicecount="1" values="||">
   </PIN>
   <PIN pinname="Output Node" visible="1">
   </PIN>
   </NODE>
   <NODE nodename=":PLUGINS:\Box2dNodes.dll|VVVV.Nodes.Box2dDestroyBodyNode" componentmode="Hidden" id="8" systemname="DestroyBody (Box2d)" filename="%VVVV%\packs\box2d\nodes\plugins\Box2dNodes.dll">
   <BOUNDS type="Node" left="7364" top="9613" width="0" height="0">
   </BOUNDS>
   <BOUNDS type="Box" left="7364" top="9613" width="0" height="0">
   </BOUNDS>
   <BOUNDS type="Window" left="10320" top="7440" width="0" height="0">
   </BOUNDS>
   <PIN pinname="Bodies" visible="1" slicecount="60" values=",,,,,,,,,,,,,,,,,,,,,,,,,,,,,,,,,,,,,,,,,,,,,,,,,,,,,,,,,,,">
   </PIN>
   <PIN pinname="Do Destroy" visible="1" slicecount="1" values="0">
   </PIN>
   </NODE>
   <NODE componentmode="InABox" id="9" nodename="IOBOX (VALUE ADVANCED)" systemname="IOBox (Value Advanced)">
   <BOUNDS height="0" left="8656" top="7862" type="Node" width="0">
   </BOUNDS>
   <BOUNDS height="480" left="8656" top="7862" type="Box" width="480">
   </BOUNDS>
   <BOUNDS height="160" left="7095" top="6465" type="Window" width="215">
   </BOUNDS>
   <PIN pinname="Show Value" slicecount="1" values="0">
   </PIN>
   <PIN pinname="Show Slider" slicecount="1" values="1">
   </PIN>
   <PIN pinname="Minimum" slicecount="1" values="0">
   </PIN>
   <PIN pinname="Maximum" slicecount="1" values="1">
   </PIN>
   <PIN pinname="Slider Behavior" slicecount="1" values="Bang">
   </PIN>
   <PIN pinname="Y Output Value" visible="1">
   </PIN>
   <PIN pinname="X Input Value" slicecount="1" values="0">
   </PIN>
   <PIN pinname="Y Input Value" slicecount="1" visible="1" values="0">
   </PIN>
   <PIN pinname="Descriptive Name" slicecount="1" values="|Destroy Body|">
   </PIN>
   </NODE>
   <NODE systemname="R (Value)" nodename="R (Value)" componentmode="Hidden" id="10">
   <BOUNDS type="Node" left="4162" top="2984" width="100" height="100">
   </BOUNDS>
   <PIN pinname="Receive String" slicecount="1" values="kinect_toggle">
   </PIN>
   <PIN pinname="Input Value" visible="1">
   </PIN>
   </NODE>
   <NODE systemname="Add (Value Spectral)" nodename="Add (Value Spectral)" componentmode="Hidden" id="11">
   <BOUNDS type="Node" left="8164" top="7476" width="100" height="100">
   </BOUNDS>
   <PIN pinname="Input" visible="1">
   </PIN>
   <PIN pinname="Output" visible="1">
   </PIN>
   </NODE>
   <NODE systemname="Add (Value Spectral)" nodename="Add (Value Spectral)" componentmode="Hidden" id="12">
   <BOUNDS type="Node" left="4200" top="3460" width="100" height="100">
   </BOUNDS>
   <PIN pinname="Input 1" visible="1">
   </PIN>
   <PIN pinname="Output" visible="1">
   </PIN>
   <PIN pinname="Input" visible="1" slicecount="1" values="0">
   </PIN>
   </NODE>
   <NODE id="13" systemname="GT (Value)" nodename="GT (Value)" componentmode="Hidden" hiddenwhenlocked="0" managers="">
   <BOUNDS type="Node" left="4032" top="4340" width="100" height="100">
   </BOUNDS>
   <PIN pinname="Input 2" visible="1" pintype="Input" slicecount="1" values="0">
   </PIN>
   <PIN pinname="Input 1" visible="1" slicecount="1" pintype="Input" values="0">
   </PIN>
   <PIN pinname="Output" visible="1" pintype="Output">
   </PIN>
   <PIN pinname="Descriptive Name" pintype="Configuration" slicecount="1" values="||">
   </PIN>
   <PIN pinname="Tag" pintype="Configuration" slicecount="1" values="||">
   </PIN>
   <PIN pinname="Input Count" pintype="Configuration" slicecount="1" values="2">
   </PIN>
   <PIN pinname="" pintype="Input" slicecount="1" values="0">
   </PIN>
   <PIN pinname="ID" pintype="Output" visible="-1">
   </PIN>
   </NODE>
   <NODE id="14" systemname="LT (Value)" nodename="LT (Value)" componentmode="Hidden" hiddenwhenlocked="0" managers="">
   <BOUNDS type="Node" left="4472" top="4332" width="100" height="100">
   </BOUNDS>
   <PIN pinname="Output" visible="1" pintype="Output">
   </PIN>
   <PIN pinname="Input 2" visible="1" pintype="Input" slicecount="1" values="0">
   </PIN>
   <PIN pinname="Input 1" visible="1" pintype="Input" slicecount="1" values="0">
   </PIN>
   <PIN pinname="Descriptive Name" pintype="Configuration" slicecount="1" values="||">
   </PIN>
   <PIN pinname="Tag" pintype="Configuration" slicecount="1" values="||">
   </PIN>
   <PIN pinname="Input Count" pintype="Configuration" slicecount="1" values="2">
   </PIN>
   <PIN pinname="" pintype="Input" slicecount="1" values="0">
   </PIN>
   <PIN pinname="ID" pintype="Output" visible="-1">
   </PIN>
   </NODE>
   <NODE id="15" systemname="FrameDelay (Value)" filename="%VVVV%\lib\nodes\plugins\VVVV.Nodes.dll" nodename="FrameDelay (Value)" componentmode="Hidden" hiddenwhenlocked="0" managers="">
   <PIN pinname="Output 1" visible="1" pintype="Output">
   </PIN>
   <BOUNDS type="Node" left="4552" top="3908" width="100" height="100">
   </BOUNDS>
   <BOUNDS type="Box" left="4552" top="3908" width="1600" height="1600">
   </BOUNDS>
   <PIN pinname="Input 1" visible="1" pintype="Input" slicecount="1" values="0">
   </PIN>
   <BOUNDS type="Window" left="0" top="0" width="5600" height="4200">
   </BOUNDS>
   <PIN pinname="Descriptive Name" pintype="Configuration" slicecount="1" values="||">
   </PIN>
   <PIN pinname="Tag" pintype="Configuration" slicecount="1" values="||">
   </PIN>
   <PIN pinname="Count" pintype="Configuration" slicecount="1" values="1">
   </PIN>
   <PIN pinname="Default 1" pintype="Input" visible="1" slicecount="1" values="0">
   </PIN>
   <PIN pinname="Initialize" pintype="Input" visible="1" slicecount="1" values="0">
   </PIN>
   <PIN pinname="Window Handle" pintype="Output">
   </PIN>
   <PIN pinname="ID" pintype="Output" visible="-1">
   </PIN>
   </NODE>
   <NODE systemname="LT (Value)" nodename="LT (Value)" componentmode="Hidden" id="17">
   <BOUNDS type="Node" left="4068" top="7116" width="100" height="100">
   </BOUNDS>
   <PIN pinname="Input 1" visible="1" slicecount="1" values="0">
   </PIN>
   <PIN pinname="Input 2" slicecount="1" visible="1" values="220">
   </PIN>
   <PIN pinname="Output" visible="1">
   </PIN>
   </NODE>
   <NODE nodename="IOBox (Value Advanced)" componentmode="InABox" id="18" systemname="IOBox (Value Advanced)">
   <BOUNDS type="Box" left="4212" top="6598" width="696" height="208">
   </BOUNDS>
   <BOUNDS type="Node" left="4212" top="6598" width="0" height="0">
   </BOUNDS>
   <PIN pinname="Y Input Value" slicecount="1" visible="1" values="360">
   </PIN>
   <PIN pinname="Units" slicecount="1" values="||">
   </PIN>
   <PIN pinname="Precision" slicecount="1" values="4">
   </PIN>
   <PIN pinname="Y Output Value" visible="1">
   </PIN>
   </NODE>
   <NODE systemname="AND (Boolean)" nodename="AND (Boolean)" componentmode="Hidden" id="20">
   <BOUNDS type="Node" left="4060" top="7572" width="100" height="100">
   </BOUNDS>
   <PIN pinname="Input 2" slicecount="1" visible="1" values="0">
   </PIN>
   </NODE>
   <NODE systemname="OR (Boolean)" nodename="OR (Boolean)" componentmode="Hidden" id="21">
   <BOUNDS type="Node" left="8710" top="7322" width="100" height="100">
   </BOUNDS>
   <PIN pinname="Output" visible="1">
   </PIN>
   <PIN pinname="Input 1" visible="1" slicecount="1" values="0">
   </PIN>
   <PIN pinname="Input 2" visible="1">
   </PIN>
   <PIN pinname="Input Count" slicecount="1" values="3">
   </PIN>
   <PIN pinname="Input 3" visible="1">
   </PIN>
   </NODE>
   <NODE systemname="Blinker (Animation)" nodename="Blinker (Animation)" componentmode="Hidden" id="22">
   <BOUNDS type="Node" left="8404" top="6252" width="100" height="100">
   </BOUNDS>
   <PIN pinname="BlinkStyle" slicecount="1" values="Hot">
   </PIN>
   <PIN pinname="Output" visible="1">
   </PIN>
   <PIN pinname="Input" visible="1">
   </PIN>
   </NODE>
   <NODE systemname="R (Value)" nodename="R (Value)" componentmode="Hidden" id="23">
   <BOUNDS type="Node" left="8826" top="5380" width="100" height="100">
   </BOUNDS>
   <PIN pinname="Receive String" slicecount="1" values="kinect_userTimeout">
   </PIN>
   <PIN pinname="Input Value" visible="1">
   </PIN>
   </NODE>
   <NODE systemname="TogEdge (Animation)" nodename="TogEdge (Animation)" componentmode="Hidden" id="24">
   <BOUNDS type="Node" left="8364" top="6650" width="100" height="100">
   </BOUNDS>
   <PIN pinname="Input" visible="1">
   </PIN>
   <PIN pinname="Up Edge" visible="1">
   </PIN>
   </NODE>
   <NODE systemname="AND (Boolean)" nodename="AND (Boolean)" componentmode="Hidden" id="25">
   <BOUNDS type="Node" left="8410" top="5860" width="100" height="100">
   </BOUNDS>
   <PIN pinname="Input 1" visible="1">
   </PIN>
   <PIN pinname="Input 2" visible="1">
   </PIN>
   <PIN pinname="Output" visible="1">
   </PIN>
   </NODE>
   <NODE systemname="EQ (Value)" nodename="EQ (Value)" componentmode="Hidden" id="26">
   <BOUNDS type="Node" left="8234" top="5308" width="100" height="100">
   </BOUNDS>
   <PIN pinname="Input 1" visible="1" slicecount="1" values="0">
   </PIN>
   <PIN pinname="Inverse Output" visible="1">
   </PIN>
   </NODE>
   <NODE systemname="Switch (Value Input)" nodename="Switch (Value Input)" componentmode="Hidden" id="27">
   <BOUNDS type="Node" left="7884" top="7820" width="100" height="100">
   </BOUNDS>
   <PIN pinname="Input 1" visible="1">
   </PIN>
   <PIN pinname="Output" visible="1">
   </PIN>
   <PIN pinname="Switch" visible="1">
   </PIN>
   <PIN pinname="Input 2" slicecount="1" values="1">
   </PIN>
   </NODE>
   <LINK srcnodeid="3" srcpinname="Y Output Value" dstnodeid="5" dstpinname="Select">
   </LINK>
   <NODE id="28" systemname="IOBox (Node)" componentmode="InABox" nodename="IOBox (Node)">
   <PIN pinname="Descriptive Name" slicecount="1" values="World">
   </PIN>
   <BOUNDS type="Box" left="1271" top="8196" width="750" height="240">
   </BOUNDS>
   <BOUNDS type="Node" left="1271" top="8196" width="750" height="240">
   </BOUNDS>
   </NODE>
   <LINK srcnodeid="28" srcpinname="Output Node" dstnodeid="1" dstpinname="World">
   </LINK>
   <LINK srcnodeid="4" srcpinname="Y Output Value" dstnodeid="1" dstpinname="Position XY">
   </LINK>
   <LINK srcnodeid="0" srcpinname="Y Output Value" dstnodeid="1" dstpinname="Create">
   </LINK>
   <LINK srcnodeid="20" srcpinname="Output" dstnodeid="0" dstpinname="Y Input Value">
   </LINK>
   <LINK srcnodeid="17" srcpinname="Output" dstnodeid="20" dstpinname="Input 1">
   </LINK>
   <LINK srcnodeid="18" srcpinname="Y Output Value" dstnodeid="17" dstpinname="Input 2">
   </LINK>
   <LINK srcnodeid="12" srcpinname="Output" dstnodeid="13" dstpinname="Input 1">
   </LINK>
   <LINK srcnodeid="15" srcpinname="Output 1" dstnodeid="13" dstpinname="Input 2">
   </LINK>
   <NODE id="30" systemname="IOBox (Node)" componentmode="InABox" nodename="IOBox (Node)">
   <PIN pinname="Descriptive Name" slicecount="1" values="|Input Node|">
   </PIN>
   <BOUNDS type="Box" left="6248" top="920" width="750" height="240">
   </BOUNDS>
   <BOUNDS type="Node" left="6248" top="920" width="750" height="240">
   </BOUNDS>
   <PIN pinname="Output Node" visible="1">
   </PIN>
   </NODE>
   <LINK srcnodeid="6" srcpinname="Output Node" dstnodeid="8" dstpinname="Bodies">
   </LINK>
   <LINK srcnodeid="9" srcpinname="Y Output Value" dstnodeid="8" dstpinname="Do Destroy">
   </LINK>
   <LINK srcnodeid="12" srcpinname="Output" dstnodeid="15" dstpinname="Input 1">
   </LINK>
   <LINK srcnodeid="12" srcpinname="Output" dstnodeid="14" dstpinname="Input 1">
   </LINK>
   <LINK srcnodeid="15" srcpinname="Output 1" dstnodeid="14" dstpinname="Input 2">
   </LINK>
   <LINK srcnodeid="24" srcpinname="Up Edge" dstnodeid="27" dstpinname="Switch">
   </LINK>
   <LINK srcnodeid="11" srcpinname="Output" dstnodeid="27" dstpinname="Input 1">
   </LINK>
   <LINK srcnodeid="3" srcpinname="Y Output Value" dstnodeid="11" dstpinname="Input">
   </LINK>
   <LINK srcnodeid="24" srcpinname="Up Edge" dstnodeid="21" dstpinname="Input 2">
   </LINK>
   <LINK srcnodeid="22" srcpinname="Output" dstnodeid="24" dstpinname="Input">
   </LINK>
   <LINK srcnodeid="26" srcpinname="Inverse Output" dstnodeid="25" dstpinname="Input 1">
   </LINK>
   <LINK srcnodeid="23" srcpinname="Input Value" dstnodeid="25" dstpinname="Input 2">
   </LINK>
   <LINK srcnodeid="25" srcpinname="Output" dstnodeid="22" dstpinname="Input">
   </LINK>
   <BOUNDS type="Window" left="6370" top="190" width="12590" height="8290">
   </BOUNDS>
   <PACK Name="dx11" Version="1.0.2">
   </PACK>
   <PACK Name="addonpack" Version="35.0.0">
   </PACK>
   <NODE systemname="Count (Node)" nodename="Count (Node)" componentmode="Hidden" id="16">
   <BOUNDS type="Node" left="6604" top="3436" width="100" height="100">
   </BOUNDS>
   <PIN pinname="Input" visible="1">
   </PIN>
   <PIN pinname="Count" visible="1">
   </PIN>
   </NODE>
   <LINK srcnodeid="16" srcpinname="Count" dstnodeid="17" dstpinname="Input 1" hiddenwhenlocked="0">
   </LINK>
   <LINK srcnodeid="16" srcpinname="Count" dstnodeid="26" dstpinname="Input 1">
   </LINK>
   <NODE componentmode="Hidden" hiddenwhenlocked="0" id="49" nodename=":PLUGINS:\Box2dNodes.dll|VVVV.Nodes.GetBodyDetailsNode">
   <BOUNDS height="0" left="6549" top="1392" type="Node" width="0">
   </BOUNDS>
   <BOUNDS height="0" left="6549" top="1392" type="Box" width="0">
   </BOUNDS>
   <BOUNDS height="0" left="7230" top="4725" type="Window" width="0">
   </BOUNDS>
   <PIN pinname="Bodies" visible="1" slicecount="1" values="||">
   </PIN>
   <PIN pinname="Shapes" visible="1">
   </PIN>
   <PIN pinname="Is Dynamic" visible="1">
   </PIN>
   </NODE>
   <NODE nodename="Select (Value)" componentmode="Hidden" id="48">
   <BOUNDS type="Node" left="6583" top="1878" width="0" height="0">
   </BOUNDS>
   <PIN pinname="Select" visible="1">
   </PIN>
   <PIN pinname="Input" visible="1">
   </PIN>
   <PIN pinname="Former Slice" visible="1">
   </PIN>
   </NODE>
   <LINK srcnodeid="49" srcpinname="Is Dynamic" dstnodeid="48" dstpinname="Input">
   </LINK>
   <LINK srcnodeid="49" srcpinname="Is Dynamic" dstnodeid="48" dstpinname="Select">
   </LINK>
   <NODE nodename="GetSlice (Node)" componentmode="Hidden" id="47">
   <BOUNDS type="Node" left="6624" top="2972" width="0" height="0">
   </BOUNDS>
   <PIN pinname="Index" visible="1">
   </PIN>
   <PIN pinname="Input Node" visible="1" slicecount="1" values="||">
   </PIN>
   <PIN pinname="Output Node" visible="1">
   </PIN>
   </NODE>
   <NODE nodename="GetSlice (Spreads)" componentmode="Hidden" id="46">
   <BOUNDS type="Node" left="7227" top="2548" width="0" height="0">
   </BOUNDS>
   <PIN pinname="Index" visible="1" slicecount="1" values="0">
   </PIN>
   <PIN pinname="Input" visible="1">
   </PIN>
   <PIN pinname="Output" visible="1">
   </PIN>
   </NODE>
   <LINK srcnodeid="48" srcpinname="Former Slice" dstnodeid="46" dstpinname="Input">
   </LINK>
   <LINK srcnodeid="46" srcpinname="Output" dstnodeid="47" dstpinname="Index">
   </LINK>
   <LINK srcnodeid="30" srcpinname="Output Node" dstnodeid="47" dstpinname="Input Node">
   </LINK>
   <LINK srcnodeid="30" srcpinname="Output Node" dstnodeid="49" dstpinname="Bodies">
   </LINK>
   <NODE nodename="GetSlice (Spreads)" componentmode="Hidden" id="52" systemname="GetSlice (Spreads)">
   <BOUNDS type="Node" left="7695" top="8324" width="0" height="0">
   </BOUNDS>
   <PIN pinname="Input" visible="1">
   </PIN>
   <PIN pinname="Bin Size" visible="1" slicecount="1" values="1">
   </PIN>
   <PIN pinname="Output" visible="1">
   </PIN>
   </NODE>
   <LINK srcnodeid="9" srcpinname="Y Output Value" dstnodeid="52" dstpinname="Index">
   </LINK>
   <LINK srcnodeid="48" srcpinname="Former Slice" dstnodeid="52" dstpinname="Input" hiddenwhenlocked="1">
   </LINK>
   <LINK srcnodeid="30" srcpinname="Output Node" dstnodeid="6" dstpinname="Input Node" hiddenwhenlocked="1">
   </LINK>
   <LINK srcnodeid="10" srcpinname="Input Value" dstnodeid="12" dstpinname="Input">
   </LINK>
   <LINK srcnodeid="5" srcpinname="Output" dstnodeid="1" dstpinname="Size XY">
   </LINK>
   <LINK srcnodeid="48" srcpinname="Former Slice" dstnodeid="16" dstpinname="Input">
   </LINK>
   <NODE systemname="TogEdge (Animation)" nodename="TogEdge (Animation)" componentmode="Hidden" id="78">
   <BOUNDS type="Node" left="5266" top="6600" width="100" height="100">
   </BOUNDS>
   <PIN pinname="Input" visible="1" slicecount="1" values="1">
   </PIN>
   <PIN pinname="Up Edge" visible="1">
   </PIN>
   </NODE>
   <LINK srcnodeid="27" srcpinname="Output" dstnodeid="52" dstpinname="Bin Size">
   </LINK>
   <LINK srcnodeid="14" srcpinname="Output" dstnodeid="21" dstpinname="Input 1">
   </LINK>
   <LINK srcnodeid="13" srcpinname="Output" dstnodeid="78" dstpinname="Input">
   </LINK>
   <NODE nodename="IOBox (Value Advanced)" componentmode="InABox" id="79">
   <BOUNDS type="Box" left="5000" top="6940" width="480" height="480">
   </BOUNDS>
   <BOUNDS type="Node" left="5000" top="6940" width="0" height="0">
   </BOUNDS>
   <PIN pinname="Y Input Value" slicecount="1" visible="1" values="0">
   </PIN>
   <PIN pinname="Units" slicecount="1" values="||">
   </PIN>
   <PIN pinname="Precision" slicecount="1" values="4">
   </PIN>
   <PIN pinname="Value Type" slicecount="1" values="Boolean">
   </PIN>
   <PIN pinname="Behavior" slicecount="1" values="Bang">
   </PIN>
   <PIN pinname="X Input Value" slicecount="1" values="0">
   </PIN>
   <PIN pinname="Y Output Value" visible="1">
   </PIN>
   </NODE>
   <LINK srcnodeid="78" srcpinname="Up Edge" dstnodeid="79" dstpinname="Y Input Value">
   </LINK>
   <LINK srcnodeid="21" srcpinname="Output" dstnodeid="9" dstpinname="Y Input Value">
   </LINK>
   <NODE systemname="R (Value)" nodename="R (Value)" componentmode="Hidden" id="81">
   <BOUNDS type="Node" left="5650" top="7110" width="100" height="100">
   </BOUNDS>
   <PIN pinname="Receive String" slicecount="1" values="impulse_Start">
   </PIN>
   <PIN pinname="Input Value" visible="1">
   </PIN>
   </NODE>
   <NODE systemname="OR (Boolean)" nodename="OR (Boolean)" componentmode="Hidden" id="82">
   <BOUNDS type="Node" left="5140" top="7670" width="100" height="100">
   </BOUNDS>
   <PIN pinname="Input 1" visible="1">
   </PIN>
   <PIN pinname="Output" visible="1">
   </PIN>
   <PIN pinname="Input 2" visible="1">
   </PIN>
   </NODE>
   <LINK srcnodeid="79" srcpinname="Y Output Value" dstnodeid="82" dstpinname="Input 1">
   </LINK>
   <LINK srcnodeid="82" srcpinname="Output" dstnodeid="20" dstpinname="Input 2">
   </LINK>
   <LINK srcnodeid="81" srcpinname="Input Value" dstnodeid="82" dstpinname="Input 2">
   </LINK>
   <NODE systemname="R (Value)" nodename="R (Value)" componentmode="Hidden" id="83">
   <BOUNDS type="Node" left="10250" top="6560" width="100" height="100">
   </BOUNDS>
   <PIN pinname="Receive String" slicecount="1" values="impulse_Stop">
   </PIN>
   <PIN pinname="Input Value" visible="1">
   </PIN>
   </NODE>
   <LINK srcnodeid="83" srcpinname="Input Value" dstnodeid="21" dstpinname="Input 3">
   </LINK>
   <NODE systemname="Switch (Value Input)" nodename="Switch (Value Input)" componentmode="Hidden" id="84">
   <BOUNDS type="Node" left="2480" top="7360" width="100" height="100">
   </BOUNDS>
   <PIN pinname="Input 1" visible="1">
   </PIN>
   <PIN pinname="Input 2" visible="1">
   </PIN>
   <PIN pinname="Output" visible="1">
   </PIN>
   <PIN pinname="Switch" visible="1">
   </PIN>
   </NODE>
   <LINK srcnodeid="2" srcpinname="Y Output Value" dstnodeid="84" dstpinname="Input 1">
   </LINK>
   <NODE systemname="IOBox (Value Advanced)" nodename="IOBox (Value Advanced)" componentmode="InABox" id="85">
   <BOUNDS type="Node" left="3190" top="6940" width="100" height="100">
   </BOUNDS>
   <BOUNDS type="Box" left="3190" top="6940" width="795" height="480">
   </BOUNDS>
   <PIN pinname="Rows" slicecount="1" values="2">
   </PIN>
   <PIN pinname="Y Input Value" slicecount="2" values="0.5,0.5">
   </PIN>
   <PIN pinname="Vector Size" slicecount="1" values="2">
   </PIN>
   <PIN pinname="Default" slicecount="1" values="|0, 0|">
   </PIN>
   <PIN pinname="Y Output Value" visible="1">
   </PIN>
   </NODE>
   <LINK srcnodeid="85" srcpinname="Y Output Value" dstnodeid="84" dstpinname="Input 2">
   </LINK>
   <LINK srcnodeid="84" srcpinname="Output" dstnodeid="5" dstpinname="Input">
   </LINK>
   <LINK srcnodeid="81" srcpinname="Input Value" dstnodeid="84" dstpinname="Switch">
   </LINK>
   <NODE systemname="Reverse (Spreads)" nodename="Reverse (Spreads)" componentmode="Hidden" id="86">
   <BOUNDS type="Node" left="7710" top="8670" width="100" height="100">
   </BOUNDS>
   <PIN pinname="Input" visible="1">
   </PIN>
   <PIN pinname="Output" visible="1">
   </PIN>
   </NODE>
   <LINK srcnodeid="52" srcpinname="Output" dstnodeid="86" dstpinname="Input">
   </LINK>
   <LINK srcnodeid="86" srcpinname="Output" dstnodeid="6" dstpinname="Index">
   </LINK>
   <NODE nodename="IOBox (String)" componentmode="InABox" id="87">
   <BOUNDS type="Node" left="8840" top="8550" width="1340" height="230">
   </BOUNDS>
   <BOUNDS type="Box" left="8840" top="8550" width="1340" height="230">
   </BOUNDS>
   <PIN pinname="Input String" visible="0" slicecount="1" values="|delete oldest first|">
   </PIN>
   <PIN pinname="Output String" visible="0">
   </PIN>
   <PIN pinname="Show Grid" slicecount="1" values="0">
   </PIN>
   <PIN pinname="String Type" slicecount="1" values="MultiLine">
   </PIN>
   </NODE>
   <NODE systemname="S (Value)" nodename="S (Value)" componentmode="Hidden" id="88">
   <BOUNDS type="Node" left="4540" top="4760" width="100" height="100">
   </BOUNDS>
   <PIN pinname="Send String" slicecount="1" values="particles_kill">
   </PIN>
   <PIN pinname="Input Value" visible="1">
   </PIN>
   </NODE>
   <LINK srcnodeid="14" srcpinname="Output" dstnodeid="88" dstpinname="Input Value">
   </LINK>
   <NODE systemname="S (Value)" nodename="S (Value)" componentmode="Hidden" id="90">
   <BOUNDS type="Node" left="3740" top="5190" width="100" height="100">
   </BOUNDS>
   <PIN pinname="Send String" slicecount="1" values="particles_spawn">
   </PIN>
   <PIN pinname="Input Value" visible="1">
   </PIN>
   </NODE>
   <LINK srcnodeid="13" srcpinname="Output" dstnodeid="90" dstpinname="Input Value">
   </LINK>
   </PATCH>