<!DOCTYPE PATCH  SYSTEM "http://vvvv.org/versions/vvvv50beta35.8.dtd" >
   <PATCH nodename="D:\GIT\Reizdarm\VVVV\subpatches\particles_render.v4p" systemname="particles_render" filename="C:\GIT\Reizdarm\VVVV\subpatches\particles_render.v4p" scrollx="672" scrolly="4536">
   <NODE componentmode="Hidden" hiddenwhenlocked="1" id="0" nodename="DisplayPolygon.v4p" systemname="DisplayPolygon" filename="%VVVV%\packs\box2d\nodes\plugins\DisplayPolygon.v4p" stayontop="1">
   <BOUNDS height="100" left="2179" top="6388" type="Node" width="100">
   </BOUNDS>
   <BOUNDS left="2179" top="6388" type="Box">
   </BOUNDS>
   <PIN pinname="Bodies" visible="1" slicecount="1" values="||">
   </PIN>
   <PIN pinname="Layer" visible="1">
   </PIN>
   <BOUNDS type="Window" left="3870" top="1000" width="10240" height="8750">
   </BOUNDS>
   <PIN pinname="Width" visible="1" slicecount="1" values="1">
   </PIN>
   <PIN pinname="Layer11" visible="1">
   </PIN>
   </NODE>
   <NODE componentmode="InAWindow" id="1" nodename="RENDERER (EX9)" stayontop="1" systemname="Renderer (EX9)">
   <BOUNDS height="0" left="3491" top="9398" type="Node" width="0">
   </BOUNDS>
   <BOUNDS height="1800" left="3491" top="9398" type="Box" width="2400">
   </BOUNDS>
   <BOUNDS height="6010" left="230" top="4380" type="Window" width="7010">
   </BOUNDS>
   <PIN pinname="Layers" visible="1">
   </PIN>
   <PIN pinname="Projection" visible="1" slicecount="1" values="||">
   </PIN>
   <PIN pinname="Fullscreen Depthbuffer Format" slicecount="1" values="NONE">
   </PIN>
   <PIN pinname="Fullscreen Dimensions" slicecount="1" values="|1024 x 768|">
   </PIN>
   <PIN pinname="Fullscreen Antialiasing Quality Level" slicecount="1" values="NONE">
   </PIN>
   <PIN pinname="Windowed Depthbuffer Format" slicecount="1" values="NONE">
   </PIN>
   <PIN pinname="Windowed Antialiasing Quality Level" slicecount="1" values="NONE">
   </PIN>
   <PIN pinname="EX9 Out" visible="1">
   </PIN>
   <PIN pinname="Backbuffer Width" visible="1">
   </PIN>
   <PIN pinname="Backbuffer Height" visible="1">
   </PIN>
   <PIN pinname="Enabled" visible="1" slicecount="1" values="1">
   </PIN>
   </NODE>
   <NODE componentmode="Hidden" id="2" nodename="Group (EX9)" systemname="Group (EX9)">
   <BOUNDS height="0" left="3452" top="7493" type="Node" width="0">
   </BOUNDS>
   <PIN pinname="Layer 2" visible="1" slicecount="1" values="||">
   </PIN>
   <PIN pinname="Layer" visible="1">
   </PIN>
   <PIN pinname="Layer 1" visible="1">
   </PIN>
   <PIN pinname="Layer Template Count" slicecount="1" values="3">
   </PIN>
   <PIN pinname="Layer 3" visible="1" slicecount="1" values="||">
   </PIN>
   </NODE>
   <NODE componentmode="Hidden" hiddenwhenlocked="1" id="4" nodename="Quad (DX9)" systemname="Quad (DX9)">
   <BOUNDS height="0" left="4073" top="6364" type="Node" width="0">
   </BOUNDS>
   <PIN pinname="Layer" visible="1">
   </PIN>
   <PIN pinname="Transform" visible="1" slicecount="1" values="||">
   </PIN>
   <PIN pinname="Color" slicecount="1" visible="1" values="|0.44000,1.00000,1.00000,1.00000|">
   </PIN>
   <PIN pinname="Enabled" visible="1">
   </PIN>
   </NODE>
   <NODE componentmode="Hidden" hiddenwhenlocked="1" id="5" nodename="Transform (Transform 2d Vector)" systemname="Transform (Transform 2d Vector)">
   <BOUNDS height="0" left="4230" top="5961" type="Node" width="0">
   </BOUNDS>
   <PIN pinname="TranslateX" visible="1" slicecount="4" values="-4.33783783783784,-6.83783783783784,-9.33783783783784,-6.83783783783784">
   </PIN>
   <PIN pinname="TranslateY" visible="1" slicecount="4" values="0.627306273062731,3.12730627306273,0.627306273062731,-1.87269372693727">
   </PIN>
   <PIN pinname="Transform Out" visible="1">
   </PIN>
   <PIN pinname="ScaleX" slicecount="1" visible="1" values="0.322">
   </PIN>
   <PIN pinname="ScaleY" slicecount="1" visible="1" values="0.322">
   </PIN>
   <PIN pinname="TranslateXY" visible="1" slicecount="12" values="0,0,0,0,0,0,0,0,0,0,0,0">
   </PIN>
   </NODE>
   <NODE systemname="R (Value)" filename="" nodename="R (Value)" componentmode="Hidden" id="16">
   <BOUNDS type="Node" left="4137" top="8364" width="100" height="100">
   </BOUNDS>
   <PIN pinname="Receive String" slicecount="1" values="res_beamer1">
   </PIN>
   <PIN pinname="Input Value" visible="1">
   </PIN>
   </NODE>
   <NODE systemname="Unzip (Value)" filename="%VVVV%\lib\nodes\plugins\VVVV.Nodes.dll" nodename="Unzip (Value)" componentmode="Hidden" id="17">
   <BOUNDS type="Node" left="4137" top="8732" width="100" height="100">
   </BOUNDS>
   <BOUNDS type="Box" left="4137" top="8732" width="1600" height="1600">
   </BOUNDS>
   <PIN pinname="Input" visible="1">
   </PIN>
   <PIN pinname="Output 1" visible="1">
   </PIN>
   <PIN pinname="Output 2" visible="1">
   </PIN>
   </NODE>
   <NODE nodename="IOBox (Value Advanced)" componentmode="InABox" id="19" systemname="IOBox (Value Advanced)">
   <BOUNDS type="Box" left="2929" top="5852" width="696" height="208">
   </BOUNDS>
   <BOUNDS type="Node" left="2929" top="5852" width="0" height="0">
   </BOUNDS>
   <PIN pinname="Y Input Value" slicecount="1" visible="1" values="8.96">
   </PIN>
   <PIN pinname="Units" slicecount="1" values="||">
   </PIN>
   <PIN pinname="Precision" slicecount="1" values="4">
   </PIN>
   <PIN pinname="Descriptive Name" slicecount="1" values="Width">
   </PIN>
   <PIN pinname="Y Output Value" visible="1">
   </PIN>
   </NODE>
   <NODE nodename="IOBox (Value Advanced)" componentmode="InABox" id="21" systemname="IOBox (Value Advanced)">
   <BOUNDS type="Box" left="5401" top="5844" width="480" height="480">
   </BOUNDS>
   <BOUNDS type="Node" left="5401" top="5844" width="0" height="0">
   </BOUNDS>
   <PIN pinname="Y Input Value" slicecount="1" visible="1" values="0">
   </PIN>
   <PIN pinname="Units" slicecount="1" values="||">
   </PIN>
   <PIN pinname="Precision" slicecount="1" values="4">
   </PIN>
   <PIN pinname="Value Type" slicecount="1" values="Boolean">
   </PIN>
   <PIN pinname="Behavior" slicecount="1" values="Toggle">
   </PIN>
   <PIN pinname="Descriptive Name" slicecount="1" values="AttractorHelpers">
   </PIN>
   <PIN pinname="X Input Value" slicecount="1" values="0">
   </PIN>
   </NODE>
   <LINK dstnodeid="2" dstpinname="Layer 1" srcnodeid="0" srcpinname="Layer">
   </LINK>
   <LINK srcnodeid="4" srcpinname="Layer" dstnodeid="2" dstpinname="Layer 2">
   </LINK>
   <NODE id="24" systemname="IOBox (Node)" componentmode="InABox" nodename="IOBox (Node)">
   <PIN pinname="Descriptive Name" slicecount="1" values="Bodies">
   </PIN>
   <BOUNDS type="Box" left="2003" top="5748" width="750" height="240">
   </BOUNDS>
   <BOUNDS type="Node" left="2003" top="5748" width="750" height="240">
   </BOUNDS>
   </NODE>
   <LINK srcnodeid="24" srcpinname="Output Node" dstnodeid="0" dstpinname="Bodies">
   </LINK>
   <LINK srcnodeid="19" srcpinname="Y Output Value" dstnodeid="0" dstpinname="Width">
   </LINK>
   <LINK dstnodeid="1" dstpinname="Layers" srcnodeid="2" srcpinname="Layer">
   </LINK>
   <LINK srcnodeid="17" srcpinname="Output 1" dstnodeid="1" dstpinname="Backbuffer Width">
   </LINK>
   <LINK srcnodeid="17" srcpinname="Output 2" dstnodeid="1" dstpinname="Backbuffer Height">
   </LINK>
   <LINK dstnodeid="4" dstpinname="Transform" hiddenwhenlocked="1" srcnodeid="5" srcpinname="Transform Out">
   </LINK>
   <LINK srcnodeid="21" srcpinname="Y Output Value" dstnodeid="4" dstpinname="Enabled">
   </LINK>
   <LINK srcnodeid="16" srcpinname="Input Value" dstnodeid="17" dstpinname="Input">
   </LINK>
   <BOUNDS type="Window" left="7480" top="630" width="8940" height="8290">
   </BOUNDS>
   <PACK Name="dx11" Version="1.0.2">
   </PACK>
   <PACK Name="addonpack" Version="35.0.0">
   </PACK>
   <NODE id="23" nodename="IOBox (Node)" componentmode="InABox" systemname="IOBox (Node)">
   <BOUNDS type="Box" left="4905" top="10628" width="696" height="208">
   </BOUNDS>
   <BOUNDS type="Node" left="4905" top="10628" width="0" height="0">
   </BOUNDS>
   <PIN pinname="Descriptive Name" slicecount="1" values="|Texture Out|">
   </PIN>
   <PIN pinname="Input Node" visible="1" slicecount="1" values="||">
   </PIN>
   </NODE>
   <NODE id="37" systemname="DX9Texture (EX9.Texture)" nodename="DX9Texture (EX9.Texture)" componentmode="Hidden">
   <BOUNDS type="Node" left="4873" top="9988" width="100" height="100">
   </BOUNDS>
   <PIN pinname="Source" visible="1" slicecount="1" values="||">
   </PIN>
   <PIN pinname="Texture Out" visible="1">
   </PIN>
   </NODE>
   <LINK srcnodeid="1" srcpinname="EX9 Out" dstnodeid="37" dstpinname="Source">
   </LINK>
   <NODE nodename="IOBox (Value Advanced)" componentmode="InABox" id="48">
   <BOUNDS type="Box" left="4368" top="5184" width="696" height="416">
   </BOUNDS>
   <BOUNDS type="Node" left="4368" top="5184" width="0" height="0">
   </BOUNDS>
   <PIN pinname="Y Input Value" slicecount="12" visible="1" values="0,0,0,0,0,0,0,0,0,0,0,0">
   </PIN>
   <PIN pinname="Units" slicecount="1" values="||">
   </PIN>
   <PIN pinname="Precision" slicecount="1" values="4">
   </PIN>
   <PIN pinname="Vector Size" slicecount="1" values="2">
   </PIN>
   <PIN pinname="Rows" slicecount="1" values="2">
   </PIN>
   <PIN pinname="Descriptive Name" slicecount="1" values="attractors">
   </PIN>
   </NODE>
   <LINK srcnodeid="48" srcpinname="Y Output Value" dstnodeid="5" dstpinname="TranslateXY">
   </LINK>
   <LINK srcnodeid="37" srcpinname="Texture Out" dstnodeid="23" dstpinname="Input Node">
   </LINK>
   <NODE systemname="Transform (Transform 2d Vector)" nodename="Transform (Transform 2d Vector)" componentmode="Hidden" id="53">
   <BOUNDS type="Node" left="6912" top="6544" width="100" height="100">
   </BOUNDS>
   <PIN pinname="Transform Out" visible="1">
   </PIN>
   <PIN pinname="ScaleXY" visible="1">
   </PIN>
   <PIN pinname="TranslateXY" visible="1">
   </PIN>
   </NODE>
   <NODE systemname="IOBox (Value Advanced)" nodename="IOBox (Value Advanced)" componentmode="InABox" id="54">
   <BOUNDS type="Node" left="7448" top="5848" width="100" height="100">
   </BOUNDS>
   <BOUNDS type="Box" left="7448" top="5848" width="696" height="208">
   </BOUNDS>
   <PIN pinname="Y Output Value" visible="1">
   </PIN>
   <PIN pinname="Y Input Value" slicecount="1" values="3.63">
   </PIN>
   </NODE>
   <LINK srcnodeid="54" srcpinname="Y Output Value" dstnodeid="53" dstpinname="ScaleXY">
   </LINK>
   <NODE nodename="IOBox (Value Advanced)" componentmode="InABox" id="55">
   <BOUNDS type="Box" left="6680" top="5632" width="696" height="416">
   </BOUNDS>
   <BOUNDS type="Node" left="6680" top="5632" width="0" height="0">
   </BOUNDS>
   <PIN pinname="Y Input Value" slicecount="2" visible="1" values="2.71,-2.75">
   </PIN>
   <PIN pinname="Units" slicecount="1" values="||">
   </PIN>
   <PIN pinname="Precision" slicecount="1" values="4">
   </PIN>
   <PIN pinname="Vector Size" slicecount="1" values="2">
   </PIN>
   <PIN pinname="Rows" slicecount="1" values="2">
   </PIN>
   </NODE>
   <LINK srcnodeid="55" srcpinname="Y Output Value" dstnodeid="53" dstpinname="TranslateXY">
   </LINK>
   <NODE systemname="PerfMeter (Debug)" filename="%VVVV%\lib\nodes\modules\Debug\PerfMeter (Debug).v4p" nodename="PerfMeter (Debug)" componentmode="Hidden" id="56">
   <BOUNDS type="Node" left="5360" top="7152" width="100" height="100">
   </BOUNDS>
   <BOUNDS type="Window" left="6072" top="6896" width="11760" height="8680">
   </BOUNDS>
   </NODE>
   <LINK srcnodeid="56" srcpinname="Layer" dstnodeid="2" dstpinname="Layer 3">
   </LINK>
   <LINK srcnodeid="53" srcpinname="Transform Out" dstnodeid="56" dstpinname="Transform">
   </LINK>
   <NODE id="3" componentmode="Hidden" nodename="Scale (Transform Vector)" systemname="Scale (Transform Vector)">
   <PIN pinname="XYZ" slicecount="3" visible="1" values="0.101,0.101,0.101">
   </PIN>
   <BOUNDS type="Node" height="0" left="4918" top="9022" width="0">
   </BOUNDS>
   <PIN pinname="Transform Out" visible="1">
   </PIN>
   </NODE>
   <LINK srcnodeid="3" srcpinname="Transform Out" dstnodeid="1" dstpinname="Projection">
   </LINK>
   </PATCH>