<!DOCTYPE PATCH  SYSTEM "http://vvvv.org/versions/vvvv50beta35.8.dtd" >
   <PATCH nodename="C:\GIT\Reizdarm\VVVV\subpatches\texture_random.v4p" systemname="texture_random" filename="C:\GIT\Reizdarm\VVVV\subpatches\texture_random.v4p" scrollx="0" scrolly="0">
   <NODE systemname="HSV (Color Join)" nodename="HSV (Color Join)" componentmode="Hidden" id="1">
   <BOUNDS type="Node" left="2624" top="4824" width="100" height="100">
   </BOUNDS>
   <PIN pinname="Value" visible="1" slicecount="40" values="0.0198459209667508,0.307094726826896,0,0.156189972327577,0,0,0.649384769006762,0.260160439098774,0.0105404044797251,0,0,0.0832560128593713,0.257284046164613,0.782729768467666,0.685863118289974,0,0.274203358494826,0.00982999928854112,0.195340546373274,0.186449848216412,0,0.150553403482241,0,0,0.281379902628457,0,0,0.184716193910617,0.110968281802782,0,0.279940427452383,0.154746676485423,0.437543685537478,0,0.0745875931954506,0.33152090106193,0.483847538944622,0.914108974767804,0.281556683059688,0.619057392125526">
   </PIN>
   <PIN pinname="Saturation" slicecount="1" values="1">
   </PIN>
   <PIN pinname="Hue" slicecount="1" values="0.61">
   </PIN>
   <PIN pinname="Output" visible="1">
   </PIN>
   </NODE>
   <NODE systemname="LFO (Animation)" nodename="LFO (Animation)" componentmode="Hidden" id="2">
   <BOUNDS type="Node" left="2636" top="980" width="100" height="100">
   </BOUNDS>
   <PIN pinname="Phase" visible="1" slicecount="1" values="0">
   </PIN>
   <PIN pinname="Period" visible="1" slicecount="1" values="1">
   </PIN>
   <PIN pinname="Reset" slicecount="1" visible="1" values="0">
   </PIN>
   <PIN pinname="Output" visible="1">
   </PIN>
   <PIN pinname="Reverse" slicecount="1" values="0">
   </PIN>
   <PIN pinname="Change" visible="1">
   </PIN>
   </NODE>
   <NODE systemname="RandomSpread (Spreads)" nodename="RandomSpread (Spreads)" componentmode="Hidden" id="3">
   <BOUNDS type="Node" left="2396" top="1804" width="100" height="100">
   </BOUNDS>
   <PIN pinname="Spread Count" visible="1">
   </PIN>
   <PIN pinname="Output" visible="1">
   </PIN>
   <PIN pinname="Random Seed" visible="1">
   </PIN>
   <PIN pinname="Input" slicecount="1" values="0.5">
   </PIN>
   <PIN pinname="Width" slicecount="1" values="1">
   </PIN>
   </NODE>
   <NODE nodename="IOBox (Value Advanced)" componentmode="InABox" id="4" systemname="IOBox (Value Advanced)">
   <BOUNDS type="Box" left="3596" top="1300" width="696" height="208">
   </BOUNDS>
   <BOUNDS type="Node" left="3596" top="1300" width="0" height="0">
   </BOUNDS>
   <PIN pinname="Y Input Value" slicecount="1" visible="1" values="16">
   </PIN>
   <PIN pinname="Units" slicecount="1" values="||">
   </PIN>
   <PIN pinname="Precision" slicecount="1" values="4">
   </PIN>
   <PIN pinname="Value Type" slicecount="1" values="Integer">
   </PIN>
   <PIN pinname="Y Output Value" visible="1">
   </PIN>
   </NODE>
   <NODE systemname="Random (Value)" filename="" nodename="Random (Value)" componentmode="Hidden" id="5">
   <BOUNDS type="Node" left="2620" top="1324" width="100" height="100">
   </BOUNDS>
   <PIN pinname="Enabled" visible="1">
   </PIN>
   <PIN pinname="Output" visible="1">
   </PIN>
   <PIN pinname="Scale" slicecount="1" values="999">
   </PIN>
   </NODE>
   <NODE id="6" systemname="ADSR (Animation)" nodename="ADSR (Animation)" componentmode="Hidden" hiddenwhenlocked="0" managers="">
   <PIN pinname="Output" visible="1" pintype="Output">
   </PIN>
   <BOUNDS type="Node" left="2916" top="3292" width="100" height="100">
   </BOUNDS>
   <PIN pinname="Release Time" slicecount="1" pintype="Input" visible="1" values="0.3">
   </PIN>
   <PIN pinname="Attack Time" slicecount="1" pintype="Input" visible="1" values="1.2">
   </PIN>
   <PIN pinname="Input" visible="1" pintype="Input" slicecount="1" values="0">
   </PIN>
   <PIN pinname="Attack" slicecount="1" values="0.5">
   </PIN>
   <PIN pinname="Decay" slicecount="1" values="0.7">
   </PIN>
   <PIN pinname="Descriptive Name" pintype="Configuration" slicecount="1" values="||">
   </PIN>
   <PIN pinname="Tag" pintype="Configuration" slicecount="1" values="||">
   </PIN>
   <PIN pinname="Decay Time" pintype="Input" visible="1" slicecount="1" values="0">
   </PIN>
   <PIN pinname="Sustain Level" pintype="Input" visible="1" slicecount="1" values="1">
   </PIN>
   <PIN pinname="ID" pintype="Output" visible="-1">
   </PIN>
   </NODE>
   <NODE systemname="GT (Value)" nodename="GT (Value)" componentmode="Hidden" id="7">
   <BOUNDS type="Node" left="2388" top="2436" width="100" height="100">
   </BOUNDS>
   <PIN pinname="Input 2" slicecount="1" values="0.88">
   </PIN>
   <PIN pinname="Input 1" visible="1">
   </PIN>
   <PIN pinname="Output" visible="1">
   </PIN>
   </NODE>
   <NODE nodename="IOBox (Value Advanced)" componentmode="InABox" id="8" systemname="IOBox (Value Advanced)">
   <BOUNDS type="Box" left="3076" top="2516" width="696" height="208">
   </BOUNDS>
   <BOUNDS type="Node" left="3076" top="2516" width="0" height="0">
   </BOUNDS>
   <PIN pinname="Y Input Value" slicecount="1" visible="1" values="0.2">
   </PIN>
   <PIN pinname="Units" slicecount="1" values="s">
   </PIN>
   <PIN pinname="Precision" slicecount="1" values="4">
   </PIN>
   </NODE>
   <NODE nodename="IOBox (Value Advanced)" componentmode="InABox" id="9" systemname="IOBox (Value Advanced)">
   <BOUNDS type="Box" left="3204" top="2796" width="696" height="208">
   </BOUNDS>
   <BOUNDS type="Node" left="3204" top="2796" width="0" height="0">
   </BOUNDS>
   <PIN pinname="Y Input Value" slicecount="1" visible="1" values="3">
   </PIN>
   <PIN pinname="Units" slicecount="1" values="s">
   </PIN>
   <PIN pinname="Precision" slicecount="1" values="4">
   </PIN>
   </NODE>
   <NODE nodename="IOBox (Value Advanced)" componentmode="InABox" id="10" systemname="IOBox (Value Advanced)">
   <BOUNDS type="Box" left="2644" top="516" width="696" height="208">
   </BOUNDS>
   <BOUNDS type="Node" left="2644" top="516" width="0" height="0">
   </BOUNDS>
   <PIN pinname="Y Input Value" slicecount="1" visible="1" values="1">
   </PIN>
   <PIN pinname="Units" slicecount="1" values="s">
   </PIN>
   <PIN pinname="Precision" slicecount="1" values="4">
   </PIN>
   <PIN pinname="Descriptive Name" slicecount="1" values="speed">
   </PIN>
   </NODE>
   <NODE systemname="Map (Value)" filename="" nodename="Map (Value)" componentmode="Hidden" id="11">
   <BOUNDS type="Node" left="2940" top="3796" width="100" height="100">
   </BOUNDS>
   </NODE>
   <LINK srcnodeid="5" srcpinname="Output" dstnodeid="3" dstpinname="Random Seed">
   </LINK>
   <LINK srcnodeid="4" srcpinname="Y Output Value" dstnodeid="3" dstpinname="Spread Count">
   </LINK>
   <LINK srcnodeid="3" srcpinname="Output" dstnodeid="7" dstpinname="Input 1">
   </LINK>
   <LINK srcnodeid="10" srcpinname="Y Output Value" dstnodeid="2" dstpinname="Period">
   </LINK>
   <LINK srcnodeid="11" srcpinname="Output" dstnodeid="1" dstpinname="Value">
   </LINK>
   <NODE id="12" systemname="IOBox (Color)" componentmode="InABox" nodename="IOBox (Color)">
   <PIN pinname="Descriptive Name" slicecount="1" values="Output">
   </PIN>
   <BOUNDS type="Box" left="2632" top="5256" width="750" height="240">
   </BOUNDS>
   <BOUNDS type="Node" left="2632" top="5256" width="750" height="240">
   </BOUNDS>
   </NODE>
   <LINK srcnodeid="1" srcpinname="Output" dstnodeid="12" dstpinname="Color Input">
   </LINK>
   <LINK srcnodeid="2" srcpinname="Change" dstnodeid="5" dstpinname="Enabled">
   </LINK>
   <LINK srcnodeid="7" srcpinname="Output" dstnodeid="6" dstpinname="Input">
   </LINK>
   <LINK srcnodeid="8" srcpinname="Y Output Value" dstnodeid="6" dstpinname="Attack Time">
   </LINK>
   <LINK srcnodeid="9" srcpinname="Y Output Value" dstnodeid="6" dstpinname="Release Time">
   </LINK>
   <LINK srcnodeid="6" srcpinname="Output" dstnodeid="11" dstpinname="Input">
   </LINK>
   <BOUNDS type="Window" left="5368" top="96" width="10128" height="8296">
   </BOUNDS>
   <PACK Name="dx11" Version="1.0.2">
   </PACK>
   <PACK Name="addonpack" Version="35.0.0">
   </PACK>
   </PATCH>