<!DOCTYPE PATCH  SYSTEM "http://vvvv.org/versions/vvvv50beta35.8.dtd" >
   <PATCH nodename="C:\GIT\Reizdarm\VVVV\subpatches\texture_lights.v4p" systemname="texture_lights" filename="C:\GIT\Reizdarm\VVVV\subpatches\texture_lights.v4p" scrollx="0" scrolly="1904">
   <NODE systemname="Sampler (DX11)" filename="%VVVV%\packs\dx11\nodes\plugins\base\VVVV.DX11.Nodes.dll" nodename="Sampler (DX11)" componentmode="Hidden" id="0" hiddenwhenlocked="1">
   <BOUNDS type="Node" left="4404" top="7924" width="100" height="100">
   </BOUNDS>
   <BOUNDS type="Box" left="4404" top="7924" width="1600" height="1600">
   </BOUNDS>
   <PIN pinname="Mode" slicecount="1" values="PointWrap">
   </PIN>
   <PIN pinname="Sampler" visible="1">
   </PIN>
   </NODE>
   <NODE systemname="Transform (Transform 2d Vector)" nodename="Transform (Transform 2d Vector)" componentmode="Hidden" id="1">
   <BOUNDS type="Node" left="1804" top="7268" width="100" height="100">
   </BOUNDS>
   <PIN pinname="TranslateXY" visible="1" slicecount="2" values="0,0">
   </PIN>
   <PIN pinname="Transform Out" visible="1">
   </PIN>
   <PIN pinname="ScaleXY" slicecount="2" visible="1" values="1,1">
   </PIN>
   </NODE>
   <NODE systemname="Vector (2d Join)" nodename="Vector (2d Join)" componentmode="Hidden" id="3">
   <BOUNDS type="Node" left="1396" top="6420" width="100" height="100">
   </BOUNDS>
   <PIN pinname="XY" visible="1">
   </PIN>
   <PIN pinname="Y" visible="1">
   </PIN>
   </NODE>
   <NODE nodename="IOBox (Value Advanced)" componentmode="InABox" id="4" systemname="IOBox (Value Advanced)">
   <BOUNDS type="Box" left="2148" top="6636" width="696" height="416">
   </BOUNDS>
   <BOUNDS type="Node" left="2148" top="6636" width="0" height="0">
   </BOUNDS>
   <PIN pinname="Y Input Value" slicecount="2" visible="1" values="1,0.13">
   </PIN>
   <PIN pinname="Units" slicecount="1" values="||">
   </PIN>
   <PIN pinname="Precision" slicecount="1" values="4">
   </PIN>
   <PIN pinname="Vector Size" slicecount="1" values="2">
   </PIN>
   <PIN pinname="Rows" slicecount="1" values="2">
   </PIN>
   <PIN pinname="Descriptive Name" slicecount="1" values="||">
   </PIN>
   </NODE>
   <NODE systemname="FullscreenQuad (DX11.Layer)" filename="%VVVV%\packs\dx11\nodes\modules\FullscreenQuad (DX11.Layer).v4p" nodename="FullscreenQuad (DX11.Layer)" componentmode="Hidden" id="5">
   <BOUNDS type="Node" left="3172" top="8388" width="100" height="100">
   </BOUNDS>
   <PIN pinname="Texture" visible="1">
   </PIN>
   </NODE>
   <NODE systemname="DynamicTexture (DX11.Texture 2d Color)" filename="%VVVV%\packs\dx11\nodes\plugins\base\VVVV.DX11.Nodes.dll" nodename="DynamicTexture (DX11.Texture 2d Color)" componentmode="Hidden" id="6">
   <BOUNDS type="Node" left="3588" top="6644" width="100" height="100">
   </BOUNDS>
   <BOUNDS type="Box" left="3588" top="6644" width="1600" height="1600">
   </BOUNDS>
   <PIN pinname="Data" visible="1" slicecount="18" values="|0.05556,0.04314,0.00000,1.00000|,|0.16667,0.01874,0.00000,1.00000|,|0.27778,0.00284,0.00000,1.00000|,|0.38889,0.27789,0.00000,1.00000|,|0.50000,0.40729,0.00000,1.00000|,|0.61111,0.46476,0.00000,1.00000|,|0.72222,0.04671,0.00000,1.00000|,|0.83333,0.42582,0.00000,1.00000|,|0.94444,0.72402,0.00000,1.00000|,|1.00000,0.31747,0.05556,1.00000|,|1.00000,0.47111,0.16667,1.00000|,|1.00000,0.87319,0.27778,1.00000|,|1.00000,0.77957,0.38889,1.00000|,|1.00000,0.84160,0.50000,1.00000|,|1.00000,0.83706,0.61111,1.00000|,|1.00000,0.87338,0.72222,1.00000|,|1.00000,0.95927,0.83333,1.00000|,|1.00000,0.94477,0.94444,1.00000|">
   </PIN>
   <PIN pinname="Texture Out" visible="1">
   </PIN>
   <PIN pinname="Height" slicecount="1" visible="1" values="18">
   </PIN>
   </NODE>
   <NODE systemname="RandomSpread (Spreads)" nodename="RandomSpread (Spreads)" componentmode="Hidden" id="7">
   <BOUNDS type="Node" left="3652" top="4388" width="100" height="100">
   </BOUNDS>
   <PIN pinname="Output" visible="1">
   </PIN>
   <PIN pinname="Spread Count" slicecount="1" visible="1" values="34">
   </PIN>
   <PIN pinname="Input" slicecount="1" visible="1" values="-0.0267735946535099">
   </PIN>
   <PIN pinname="Width" slicecount="1" values="0.14">
   </PIN>
   <PIN pinname="Random Seed" slicecount="1" values="31">
   </PIN>
   </NODE>
   <NODE nodename="IOBox (Value Advanced)" componentmode="InABox" id="8" systemname="IOBox (Value Advanced)">
   <BOUNDS type="Box" left="5004" top="3924" width="696" height="208">
   </BOUNDS>
   <BOUNDS type="Node" left="5004" top="3924" width="0" height="0">
   </BOUNDS>
   <PIN pinname="Y Input Value" slicecount="1" visible="1" values="18">
   </PIN>
   <PIN pinname="Units" slicecount="1" values="||">
   </PIN>
   <PIN pinname="Precision" slicecount="1" values="4">
   </PIN>
   <PIN pinname="Value Type" slicecount="1" values="Integer">
   </PIN>
   <PIN pinname="Y Output Value" visible="1">
   </PIN>
   </NODE>
   <NODE systemname="HSL (Color Join)" nodename="HSL (Color Join)" componentmode="Hidden" id="9">
   <BOUNDS type="Node" left="3652" top="5604" width="100" height="100">
   </BOUNDS>
   <PIN pinname="Lightness" slicecount="18" visible="1" values="1,1,1,1,1,1,1,0,0,0,0,1,0,1,1,1,1,1">
   </PIN>
   <PIN pinname="Hue" visible="1">
   </PIN>
   <PIN pinname="Output" visible="1">
   </PIN>
   <PIN pinname="Saturation" slicecount="1" values="1.03">
   </PIN>
   </NODE>
   <NODE nodename="IOBox (Value Advanced)" componentmode="InABox" id="10" systemname="IOBox (Value Advanced)">
   <BOUNDS type="Box" left="3884" top="6116" width="384" height="240">
   </BOUNDS>
   <BOUNDS type="Node" left="3884" top="6116" width="0" height="0">
   </BOUNDS>
   <PIN pinname="Y Input Value" slicecount="1" visible="1" values="31">
   </PIN>
   <PIN pinname="Units" slicecount="1" values="||">
   </PIN>
   <PIN pinname="Precision" slicecount="1" values="4">
   </PIN>
   <PIN pinname="Value Type" slicecount="1" values="Integer">
   </PIN>
   <PIN pinname="Y Output Value" visible="1">
   </PIN>
   </NODE>
   <NODE systemname="Map (Value)" nodename="Map (Value)" componentmode="Hidden" id="12">
   <BOUNDS type="Node" left="3652" top="3764" width="100" height="100">
   </BOUNDS>
   <PIN pinname="Destination Maximum" slicecount="1" values="0.05">
   </PIN>
   <PIN pinname="Input" visible="1" slicecount="1" values="0.64">
   </PIN>
   <PIN pinname="Output" visible="1">
   </PIN>
   <PIN pinname="Destination Minimum" slicecount="1" values="-0.28">
   </PIN>
   <PIN pinname="Mapping" slicecount="1" values="Clamp">
   </PIN>
   </NODE>
   <NODE systemname="Damper (Animation)" nodename="Damper (Animation)" componentmode="Hidden" id="16">
   <BOUNDS type="Node" left="3660" top="4780" width="100" height="100">
   </BOUNDS>
   <PIN pinname="Go To Position" visible="1">
   </PIN>
   <PIN pinname="Position Out" visible="1">
   </PIN>
   </NODE>
   <NODE systemname="RandomSpread (Spreads)" nodename="RandomSpread (Spreads)" componentmode="Hidden" id="17">
   <BOUNDS type="Node" left="3964" top="5132" width="100" height="100">
   </BOUNDS>
   <PIN pinname="Spread Count" slicecount="1" visible="1" values="18">
   </PIN>
   <PIN pinname="Output" visible="1">
   </PIN>
   <PIN pinname="Input" slicecount="1" values="0">
   </PIN>
   </NODE>
   <NODE systemname="SetSlice (Color)" nodename="SetSlice (Color)" componentmode="Hidden" id="18">
   <BOUNDS type="Node" left="4356" top="6092" width="100" height="100">
   </BOUNDS>
   <PIN pinname="Spread" visible="1">
   </PIN>
   <PIN pinname="Output" visible="1">
   </PIN>
   <PIN pinname="Index" slicecount="1" values="10">
   </PIN>
   <PIN pinname="Bin Size" slicecount="1" values="1">
   </PIN>
   </NODE>
   <LINK srcnodeid="6" srcpinname="Texture Out" dstnodeid="5" dstpinname="Texture">
   </LINK>
   <LINK srcnodeid="1" srcpinname="Transform Out" dstnodeid="5" dstpinname="Texture Transform">
   </LINK>
   <LINK srcnodeid="0" srcpinname="Sampler" dstnodeid="5" dstpinname="Sampler State" hiddenwhenlocked="1">
   </LINK>
   <NODE id="19" systemname="IOBox (Node)" componentmode="InABox" nodename="IOBox (Node)">
   <PIN pinname="Descriptive Name" slicecount="1" values="Layer">
   </PIN>
   <BOUNDS type="Box" left="3172" top="8988" width="750" height="240">
   </BOUNDS>
   <BOUNDS type="Node" left="3172" top="8988" width="750" height="240">
   </BOUNDS>
   </NODE>
   <LINK srcnodeid="5" srcpinname="Layer" dstnodeid="19" dstpinname="Input Node">
   </LINK>
   <NODE id="20" systemname="IOBox (Value Advanced)" componentmode="InABox" nodename="IOBox (Value Advanced)">
   <PIN pinname="Descriptive Name" slicecount="1" values="Y">
   </PIN>
   <BOUNDS type="Box" left="1372" top="6076" width="750" height="240">
   </BOUNDS>
   <BOUNDS type="Node" left="1372" top="6076" width="750" height="240">
   </BOUNDS>
   </NODE>
   <LINK srcnodeid="20" srcpinname="Y Output Value" dstnodeid="3" dstpinname="Y">
   </LINK>
   <LINK srcnodeid="4" srcpinname="Y Output Value" dstnodeid="1" dstpinname="ScaleXY">
   </LINK>
   <LINK srcnodeid="10" srcpinname="Y Output Value" dstnodeid="6" dstpinname="Height" hiddenwhenlocked="1">
   </LINK>
   <LINK srcnodeid="18" srcpinname="Output" dstnodeid="6" dstpinname="Data">
   </LINK>
   <LINK srcnodeid="8" srcpinname="Y Output Value" dstnodeid="7" dstpinname="Spread Count">
   </LINK>
   <LINK srcnodeid="16" srcpinname="Position Out" dstnodeid="9" dstpinname="Hue">
   </LINK>
   <LINK srcnodeid="17" srcpinname="Output" dstnodeid="9" dstpinname="Lightness">
   </LINK>
   <LINK srcnodeid="7" srcpinname="Output" dstnodeid="16" dstpinname="Go To Position">
   </LINK>
   <LINK srcnodeid="8" srcpinname="Y Output Value" dstnodeid="17" dstpinname="Spread Count">
   </LINK>
   <LINK srcnodeid="9" srcpinname="Output" dstnodeid="18" dstpinname="Spread">
   </LINK>
   <BOUNDS type="Window" left="3872" top="112" width="10128" height="8296">
   </BOUNDS>
   <PACK Name="addonpack" Version="35.0.0">
   </PACK>
   <LINK srcnodeid="12" srcpinname="Output" dstnodeid="7" dstpinname="Input">
   </LINK>
   <NODE nodename="IOBox (Value Advanced)" componentmode="InABox" id="21">
   <BOUNDS type="Box" left="3656" top="3312" width="696" height="208">
   </BOUNDS>
   <BOUNDS type="Node" left="3656" top="3312" width="0" height="0">
   </BOUNDS>
   <PIN pinname="Y Input Value" slicecount="1" visible="1" values="0.64">
   </PIN>
   <PIN pinname="Units" slicecount="1" values="||">
   </PIN>
   <PIN pinname="Precision" slicecount="1" values="4">
   </PIN>
   <PIN pinname="Descriptive Name" slicecount="1" values="heat">
   </PIN>
   </NODE>
   <LINK srcnodeid="21" srcpinname="Y Output Value" dstnodeid="12" dstpinname="Input">
   </LINK>
   <PACK Name="dx11" Version="1.0.2">
   </PACK>
   <LINK srcnodeid="3" srcpinname="XY" dstnodeid="1" dstpinname="TranslateXY">
   </LINK>
   <NODE systemname="R (Value)" nodename="R (Value)" componentmode="Hidden" id="22">
   <BOUNDS type="Node" left="3648" top="2856" width="100" height="100">
   </BOUNDS>
   <PIN pinname="Receive String" slicecount="1" values="kinect_activity">
   </PIN>
   <PIN pinname="Input Value" visible="1">
   </PIN>
   </NODE>
   <LINK srcnodeid="22" srcpinname="Input Value" dstnodeid="21" dstpinname="Y Input Value">
   </LINK>
   </PATCH>