<!DOCTYPE PATCH  SYSTEM "http://vvvv.org/versions/vvvv50beta35.8.dtd" >
   <PATCH nodename="C:\GIT\Reizdarm\VVVV\subpatches\texture_panningImpulse.v4p" scrollx="288" scrolly="552" systemname="texture_panningImpulse" filename="C:\GIT\Reizdarm\VVVV\subpatches\texture_panningImpulse.v4p">
   <NODE nodename="IOBox (Value Advanced)" componentmode="InABox" id="0" systemname="IOBox (Value Advanced)">
   <BOUNDS type="Box" left="4668" top="8252" width="440" height="408">
   </BOUNDS>
   <BOUNDS type="Node" left="4668" top="8252" width="0" height="0">
   </BOUNDS>
   <PIN pinname="Y Input Value" slicecount="2" visible="1" values="-0.21,1">
   </PIN>
   <PIN pinname="Units" slicecount="1" values="||">
   </PIN>
   <PIN pinname="Precision" slicecount="1" values="4">
   </PIN>
   <PIN pinname="Vector Size" slicecount="1" values="2">
   </PIN>
   <PIN pinname="Rows" slicecount="1" values="2">
   </PIN>
   </NODE>
   <NODE systemname="Quad (DX11.Layer)" filename="%VVVV%\packs\dx11\nodes\plugins\base\VVVV.DX11.Nodes.dll" nodename="Quad (DX11.Layer)" componentmode="Hidden" id="1">
   <BOUNDS type="Node" left="3420" top="9524" width="100" height="100">
   </BOUNDS>
   <BOUNDS type="Box" left="3420" top="9524" width="1600" height="1600">
   </BOUNDS>
   <PIN pinname="Transform" visible="1">
   </PIN>
   <PIN pinname="Sampler State" visible="1">
   </PIN>
   </NODE>
   <NODE systemname="Transform (Transform 2d Vector)" nodename="Transform (Transform 2d Vector)" componentmode="Hidden" id="2">
   <BOUNDS type="Node" left="3308" top="8876" width="100" height="100">
   </BOUNDS>
   <PIN pinname="Transform Out" visible="1">
   </PIN>
   <PIN pinname="ScaleXY" visible="1">
   </PIN>
   </NODE>
   <NODE nodename="IOBox (Value Advanced)" componentmode="InABox" id="3" systemname="IOBox (Value Advanced)">
   <BOUNDS type="Box" left="3628" top="8252" width="696" height="416">
   </BOUNDS>
   <BOUNDS type="Node" left="3628" top="8252" width="0" height="0">
   </BOUNDS>
   <PIN pinname="Y Input Value" slicecount="2" visible="1" values="0.51,1.16">
   </PIN>
   <PIN pinname="Units" slicecount="1" values="||">
   </PIN>
   <PIN pinname="Precision" slicecount="1" values="4">
   </PIN>
   <PIN pinname="Vector Size" slicecount="1" values="2">
   </PIN>
   <PIN pinname="Rows" slicecount="1" values="2">
   </PIN>
   </NODE>
   <NODE systemname="SetSlice (Spreads)" nodename="SetSlice (Spreads)" componentmode="Hidden" id="4">
   <BOUNDS type="Node" left="4164" top="5868" width="100" height="100">
   </BOUNDS>
   <PIN pinname="Spread" visible="1">
   </PIN>
   <PIN pinname="Input" slicecount="1" values="1">
   </PIN>
   <PIN pinname="Output" visible="1">
   </PIN>
   <PIN pinname="Index" visible="1">
   </PIN>
   </NODE>
   <NODE systemname="Select (Value)" filename="%VVVV%\lib\nodes\plugins\VVVV.Nodes.dll" nodename="Select (Value)" componentmode="Hidden" id="5">
   <BOUNDS type="Node" left="4140" top="5260" width="100" height="100">
   </BOUNDS>
   <BOUNDS type="Box" left="4140" top="5260" width="1600" height="1600">
   </BOUNDS>
   <PIN pinname="Select" visible="1" slicecount="1" values="31">
   </PIN>
   <PIN pinname="Output" visible="1">
   </PIN>
   </NODE>
   <NODE nodename="IOBox (Value Advanced)" componentmode="InABox" id="6" systemname="IOBox (Value Advanced)">
   <BOUNDS type="Box" left="4180" top="4556" width="696" height="208">
   </BOUNDS>
   <BOUNDS type="Node" left="4180" top="4556" width="0" height="0">
   </BOUNDS>
   <PIN pinname="Y Input Value" slicecount="1" visible="1" values="9">
   </PIN>
   <PIN pinname="Units" slicecount="1" values="||">
   </PIN>
   <PIN pinname="Precision" slicecount="1" values="4">
   </PIN>
   <PIN pinname="Value Type" slicecount="1" values="Integer">
   </PIN>
   <PIN pinname="Y Output Value" visible="1">
   </PIN>
   </NODE>
   <NODE systemname="CAR (Spreads)" nodename="CAR (Spreads)" componentmode="Hidden" id="7">
   <BOUNDS type="Node" left="4156" top="6236" width="100" height="100">
   </BOUNDS>
   <PIN pinname="Input" visible="1">
   </PIN>
   <PIN pinname="Remainder" visible="1">
   </PIN>
   </NODE>
   <NODE nodename="IOBox (Value Advanced)" componentmode="InABox" id="8" systemname="IOBox (Value Advanced)">
   <BOUNDS type="Box" left="4596" top="1772" width="480" height="480">
   </BOUNDS>
   <BOUNDS type="Node" left="4596" top="1772" width="0" height="0">
   </BOUNDS>
   <PIN pinname="Y Input Value" slicecount="1" visible="1" values="0">
   </PIN>
   <PIN pinname="Units" slicecount="1" values="||">
   </PIN>
   <PIN pinname="Precision" slicecount="1" values="4">
   </PIN>
   <PIN pinname="Value Type" slicecount="1" values="Boolean">
   </PIN>
   <PIN pinname="Behavior" slicecount="1" values="Press">
   </PIN>
   <PIN pinname="X Input Value" slicecount="1" values="0">
   </PIN>
   <PIN pinname="Y Output Value" visible="1">
   </PIN>
   <PIN pinname="Descriptive Name" slicecount="1" values="trigger">
   </PIN>
   </NODE>
   <NODE systemname="Map (Value)" nodename="Map (Value)" componentmode="Hidden" id="9">
   <BOUNDS type="Node" left="4972" top="5492" width="100" height="100">
   </BOUNDS>
   <PIN pinname="Destination Maximum" visible="1">
   </PIN>
   <PIN pinname="Input" visible="1" slicecount="1" values="0.0201092869683634">
   </PIN>
   <PIN pinname="Output" visible="1">
   </PIN>
   </NODE>
   <NODE systemname="Subtract (Value)" nodename="Subtract (Value)" componentmode="Hidden" id="10">
   <BOUNDS type="Node" left="5588" top="4988" width="100" height="100">
   </BOUNDS>
   <PIN pinname="Input 2" slicecount="1" values="1">
   </PIN>
   <PIN pinname="Input 1" visible="1">
   </PIN>
   <PIN pinname="Output" visible="1">
   </PIN>
   </NODE>
   <NODE systemname="DynamicTexture (DX11.Texture 2d Color)" filename="%VVVV%\packs\dx11\nodes\plugins\base\VVVV.DX11.Nodes.dll" nodename="DynamicTexture (DX11.Texture 2d Color)" componentmode="Hidden" id="11">
   <BOUNDS type="Node" left="3332" top="7756" width="100" height="100">
   </BOUNDS>
   <BOUNDS type="Box" left="3332" top="7756" width="1600" height="1600">
   </BOUNDS>
   <PIN pinname="Height" visible="1" slicecount="1" values="9">
   </PIN>
   <PIN pinname="Data" visible="1">
   </PIN>
   </NODE>
   <NODE systemname="HSL (Color Join)" nodename="HSL (Color Join)" componentmode="Hidden" id="13">
   <BOUNDS type="Node" left="4140" top="7004" width="100" height="100">
   </BOUNDS>
   <PIN pinname="Lightness" visible="1">
   </PIN>
   <PIN pinname="Output" visible="1">
   </PIN>
   <PIN pinname="Saturation" slicecount="1" values="0">
   </PIN>
   </NODE>
   <NODE systemname="Transform (Transform 2d Vector)" nodename="Transform (Transform 2d Vector)" componentmode="Hidden" id="14">
   <BOUNDS type="Node" left="4260" top="8860" width="100" height="100">
   </BOUNDS>
   </NODE>
   <NODE systemname="FrameDelay (Value)" filename="%VVVV%\lib\nodes\plugins\VVVV.Nodes.dll" nodename="FrameDelay (Value)" componentmode="Hidden" id="15" hiddenwhenlocked="1">
   <BOUNDS type="Node" left="5564" top="3996" width="100" height="100">
   </BOUNDS>
   <BOUNDS type="Box" left="5564" top="3996" width="1600" height="1600">
   </BOUNDS>
   <PIN pinname="Input 1" visible="1" slicecount="1" values="0">
   </PIN>
   <PIN pinname="Output 1" visible="1">
   </PIN>
   </NODE>
   <NODE systemname="AvoidNIL (Spreads)" filename="%VVVV%\lib\nodes\modules\Spreads\AvoidNIL (Spreads).v4p" nodename="AvoidNIL (Spreads)" componentmode="Hidden" id="16" hiddenwhenlocked="1">
   <BOUNDS type="Node" left="5564" top="4452" width="100" height="100">
   </BOUNDS>
   <PIN pinname="Input" visible="1">
   </PIN>
   <PIN pinname="Output" visible="1">
   </PIN>
   </NODE>
   <NODE systemname="FlipFlop (Animation)" nodename="FlipFlop (Animation)" componentmode="Hidden" id="17">
   <BOUNDS type="Node" left="4668" top="2924" width="100" height="100">
   </BOUNDS>
   <PIN pinname="Output" visible="1">
   </PIN>
   <PIN pinname="Reset" visible="1">
   </PIN>
   <PIN pinname="Set" visible="1">
   </PIN>
   <PIN pinname="Inverse Output" visible="1">
   </PIN>
   </NODE>
   <NODE systemname="TogEdge (Animation)" nodename="TogEdge (Animation)" componentmode="Hidden" id="18" hiddenwhenlocked="1">
   <BOUNDS type="Node" left="5548" top="2596" width="100" height="100">
   </BOUNDS>
   <PIN pinname="Input" visible="1">
   </PIN>
   <PIN pinname="Up Edge" visible="1">
   </PIN>
   </NODE>
   <NODE systemname="LFO (Animation)" nodename="LFO (Animation)" componentmode="Hidden" id="19">
   <BOUNDS type="Node" left="4676" top="3412" width="100" height="100">
   </BOUNDS>
   <PIN pinname="Period" visible="1">
   </PIN>
   <PIN pinname="Pause" visible="1">
   </PIN>
   <PIN pinname="Output" visible="1">
   </PIN>
   </NODE>
   <NODE nodename="IOBox (Value Advanced)" componentmode="InABox" id="20" systemname="IOBox (Value Advanced)">
   <BOUNDS type="Box" left="3068" top="2692" width="696" height="208">
   </BOUNDS>
   <BOUNDS type="Node" left="3068" top="2692" width="0" height="0">
   </BOUNDS>
   <PIN pinname="Y Input Value" slicecount="1" visible="1" values="1">
   </PIN>
   <PIN pinname="Units" slicecount="1" values="s">
   </PIN>
   <PIN pinname="Precision" slicecount="1" values="4">
   </PIN>
   <PIN pinname="Descriptive Name" slicecount="1" values="Panning_Impulse_Speed">
   </PIN>
   </NODE>
   <LINK srcnodeid="3" srcpinname="Y Output Value" dstnodeid="2" dstpinname="ScaleXY">
   </LINK>
   <LINK srcnodeid="2" srcpinname="Transform Out" dstnodeid="1" dstpinname="Transform">
   </LINK>
   <LINK srcnodeid="11" srcpinname="Texture Out" dstnodeid="1" dstpinname="Texture">
   </LINK>
   <LINK srcnodeid="14" srcpinname="Transform Out" dstnodeid="1" dstpinname="Texture Transform">
   </LINK>
   <NODE id="23" systemname="IOBox (Node)" componentmode="InABox" nodename="IOBox (Node)">
   <PIN pinname="Descriptive Name" slicecount="1" values="Layer">
   </PIN>
   <BOUNDS type="Box" left="3420" top="10124" width="750" height="240">
   </BOUNDS>
   <BOUNDS type="Node" left="3420" top="10124" width="750" height="240">
   </BOUNDS>
   </NODE>
   <LINK srcnodeid="1" srcpinname="Layer" dstnodeid="23" dstpinname="Input Node">
   </LINK>
   <LINK srcnodeid="13" srcpinname="Output" dstnodeid="11" dstpinname="Data">
   </LINK>
   <LINK srcnodeid="0" srcpinname="Y Output Value" dstnodeid="14" dstpinname="ScaleXY">
   </LINK>
   <LINK srcnodeid="6" srcpinname="Y Output Value" dstnodeid="5" dstpinname="Select">
   </LINK>
   <LINK srcnodeid="5" srcpinname="Output" dstnodeid="4" dstpinname="Spread">
   </LINK>
   <LINK srcnodeid="9" srcpinname="Output" dstnodeid="4" dstpinname="Index">
   </LINK>
   <LINK srcnodeid="8" srcpinname="Y Output Value" dstnodeid="17" dstpinname="Set">
   </LINK>
   <LINK srcnodeid="18" srcpinname="Up Edge" dstnodeid="17" dstpinname="Reset" hiddenwhenlocked="1">
   </LINK>
   <LINK srcnodeid="20" srcpinname="Y Output Value" dstnodeid="19" dstpinname="Period">
   </LINK>
   <LINK srcnodeid="17" srcpinname="Inverse Output" dstnodeid="19" dstpinname="Pause">
   </LINK>
   <LINK srcnodeid="18" srcpinname="Up Edge" dstnodeid="19" dstpinname="Reset" hiddenwhenlocked="1">
   </LINK>
   <LINK srcnodeid="19" srcpinname="Output" dstnodeid="9" dstpinname="Input">
   </LINK>
   <LINK srcnodeid="10" srcpinname="Output" dstnodeid="9" dstpinname="Destination Maximum">
   </LINK>
   <LINK srcnodeid="19" srcpinname="Cycles" dstnodeid="15" dstpinname="Input 1" hiddenwhenlocked="1">
   </LINK>
   <LINK srcnodeid="15" srcpinname="Output 1" dstnodeid="16" dstpinname="Input" hiddenwhenlocked="1">
   </LINK>
   <LINK srcnodeid="6" srcpinname="Y Output Value" dstnodeid="10" dstpinname="Input 1">
   </LINK>
   <LINK srcnodeid="16" srcpinname="Output" dstnodeid="18" dstpinname="Input" hiddenwhenlocked="1">
   <LINKPOINT x="6005" y="4753">
   </LINKPOINT>
   <LINKPOINT x="6099" y="2551">
   </LINKPOINT>
   </LINK>
   <BOUNDS type="Window" left="5888" top="192" width="10200" height="8296">
   </BOUNDS>
   <PACK Name="addonpack" Version="35.0.0">
   </PACK>
   <NODE systemname="Sampler (DX11)" filename="%VVVV%\packs\dx11\nodes\plugins\base\VVVV.DX11.Nodes.dll" nodename="Sampler (DX11)" componentmode="Hidden" id="24" hiddenwhenlocked="1">
   <BOUNDS type="Node" left="2328" top="9200" width="100" height="100">
   </BOUNDS>
   <BOUNDS type="Box" left="2328" top="9200" width="1600" height="1600">
   </BOUNDS>
   <PIN pinname="Mode" slicecount="1" values="PointWrap">
   </PIN>
   <PIN pinname="Sampler" visible="1">
   </PIN>
   </NODE>
   <LINK srcnodeid="24" srcpinname="Sampler" dstnodeid="1" dstpinname="Sampler State" hiddenwhenlocked="1">
   </LINK>
   <NODE systemname="S (Value)" nodename="S (Value)" componentmode="Hidden" id="25">
   <BOUNDS type="Node" left="1640" top="4280" width="100" height="100">
   </BOUNDS>
   <PIN pinname="Send String" slicecount="1" values="impulse_position">
   </PIN>
   <PIN pinname="Input Value" visible="1">
   </PIN>
   </NODE>
   <NODE systemname="R (Value)" nodename="R (Value)" componentmode="Hidden" id="29">
   <BOUNDS type="Node" left="4576" top="1008" width="100" height="100">
   </BOUNDS>
   <PIN pinname="Receive String" slicecount="1" values="ctrl_triggerImpulse">
   </PIN>
   <PIN pinname="Input Value" visible="1">
   </PIN>
   </NODE>
   <NODE systemname="Change (Animation)" nodename="Change (Animation)" componentmode="Hidden" id="28">
   <BOUNDS type="Node" left="4592" top="1416" width="100" height="100">
   </BOUNDS>
   <PIN pinname="Input" visible="1">
   </PIN>
   <PIN pinname="OnChange" visible="1">
   </PIN>
   </NODE>
   <LINK srcnodeid="29" srcpinname="Input Value" dstnodeid="28" dstpinname="Input">
   </LINK>
   <LINK srcnodeid="28" srcpinname="OnChange" dstnodeid="8" dstpinname="Y Input Value">
   </LINK>
   <NODE systemname="Subtract (Value)" nodename="Subtract (Value)" componentmode="Hidden" id="30">
   <BOUNDS type="Node" left="3640" top="6960" width="100" height="100">
   </BOUNDS>
   <PIN pinname="Input 2" slicecount="1" values="1">
   </PIN>
   <PIN pinname="Input 1" visible="1">
   </PIN>
   <PIN pinname="Output" visible="1">
   </PIN>
   </NODE>
   <LINK srcnodeid="6" srcpinname="Y Output Value" dstnodeid="30" dstpinname="Input 1">
   </LINK>
   <LINK srcnodeid="30" srcpinname="Output" dstnodeid="11" dstpinname="Height">
   </LINK>
   <PACK Name="dx11" Version="1.0.2">
   </PACK>
   <NODE nodename="IOBox (Color)" componentmode="InABox" id="35">
   <BOUNDS type="Box" left="5728" top="8432" width="1960" height="416">
   </BOUNDS>
   <BOUNDS type="Node" left="5728" top="8432" width="0" height="0">
   </BOUNDS>
   <PIN pinname="Descriptive Name" slicecount="1" values="Output">
   </PIN>
   <PIN pinname="Color Input" visible="1">
   </PIN>
   </NODE>
   <NODE systemname="Select (Color)" nodename="Select (Color)" componentmode="Hidden" id="36">
   <BOUNDS type="Node" left="5664" top="8120" width="100" height="100">
   </BOUNDS>
   <PIN pinname="Input" visible="1">
   </PIN>
   <PIN pinname="Output" visible="1">
   </PIN>
   <PIN pinname="Select" slicecount="1" values="2">
   </PIN>
   </NODE>
   <LINK srcnodeid="36" srcpinname="Output" dstnodeid="35" dstpinname="Color Input">
   </LINK>
   <NODE systemname="S (Value)" nodename="S (Value)" componentmode="Hidden" id="38">
   <BOUNDS type="Node" left="1512" top="4840" width="100" height="100">
   </BOUNDS>
   <PIN pinname="Send String" slicecount="1" values="impulse_running">
   </PIN>
   <PIN pinname="Input Value" visible="1" slicecount="1" values="0">
   </PIN>
   </NODE>
   <NODE systemname="Change (Animation)" nodename="Change (Animation)" componentmode="Hidden" id="39">
   <BOUNDS type="Node" left="1184" top="3888" width="100" height="100">
   </BOUNDS>
   <PIN pinname="Input" visible="1">
   </PIN>
   <PIN pinname="OnChange" visible="1">
   </PIN>
   </NODE>
   <LINK srcnodeid="19" srcpinname="Output" dstnodeid="39" dstpinname="Input">
   </LINK>
   <LINK srcnodeid="19" srcpinname="Output" dstnodeid="25" dstpinname="Input Value">
   </LINK>
   <NODE systemname="S (Value)" nodename="S (Value)" componentmode="Hidden" id="40">
   <BOUNDS type="Node" left="1200" top="5696" width="100" height="100">
   </BOUNDS>
   <PIN pinname="Input Value" visible="1">
   </PIN>
   <PIN pinname="Send String" slicecount="1" values="impulse_Start">
   </PIN>
   </NODE>
   <NODE systemname="TogEdge (Animation)" nodename="TogEdge (Animation)" componentmode="Hidden" id="41">
   <BOUNDS type="Node" left="1232" top="5352" width="100" height="100">
   </BOUNDS>
   <PIN pinname="Input" visible="1">
   </PIN>
   <PIN pinname="Up Edge" visible="1">
   </PIN>
   </NODE>
   <LINK srcnodeid="39" srcpinname="OnChange" dstnodeid="41" dstpinname="Input">
   </LINK>
   <LINK srcnodeid="41" srcpinname="Up Edge" dstnodeid="40" dstpinname="Input Value">
   </LINK>
   <NODE systemname="Reverse (Color)" nodename="Reverse (Color)" componentmode="Hidden" id="42">
   <BOUNDS type="Node" left="5680" top="7752" width="100" height="100">
   </BOUNDS>
   <PIN pinname="Input" visible="1">
   </PIN>
   <PIN pinname="Output" visible="1">
   </PIN>
   </NODE>
   <LINK srcnodeid="13" srcpinname="Output" dstnodeid="42" dstpinname="Input">
   </LINK>
   <LINK srcnodeid="42" srcpinname="Output" dstnodeid="36" dstpinname="Input">
   </LINK>
   <LINK srcnodeid="4" srcpinname="Output" dstnodeid="7" dstpinname="Input">
   </LINK>
   <NODE systemname="ADSR (Animation)" nodename="ADSR (Animation)" componentmode="Hidden" id="43">
   <BOUNDS type="Node" left="4480" top="6600" width="100" height="100">
   </BOUNDS>
   <PIN pinname="Input" visible="1">
   </PIN>
   <PIN pinname="Output" visible="1">
   </PIN>
   <PIN pinname="Release Time" slicecount="1" values="1">
   </PIN>
   <PIN pinname="Decay Time" slicecount="1" values="2">
   </PIN>
   </NODE>
   <LINK srcnodeid="7" srcpinname="Remainder" dstnodeid="43" dstpinname="Input">
   </LINK>
   <LINK srcnodeid="43" srcpinname="Output" dstnodeid="13" dstpinname="Lightness">
   </LINK>
   <NODE nodename="IOBox (String)" componentmode="InABox" id="44">
   <BOUNDS type="Node" left="5392" top="6776" width="2128" height="216">
   </BOUNDS>
   <BOUNDS type="Box" left="5392" top="6776" width="2128" height="216">
   </BOUNDS>
   <PIN pinname="Input String" visible="0" slicecount="1" values="|SET IMPULSE CHARACTERISTICS|">
   </PIN>
   <PIN pinname="Output String" visible="0">
   </PIN>
   <PIN pinname="Show Grid" slicecount="1" values="0">
   </PIN>
   <PIN pinname="String Type" slicecount="1" values="MultiLine">
   </PIN>
   </NODE>
   <LINK srcnodeid="39" srcpinname="OnChange" dstnodeid="38" dstpinname="Input Value">
   </LINK>
   </PATCH>