<!DOCTYPE PATCH  SYSTEM "http://vvvv.org/versions/vvvv50beta35.8.dtd" >
   <PATCH nodename="C:\GIT\Reizdarm\VVVV\subpatches\video_particles.v4p" scrollx="0" scrolly="0" systemname="video_particles" filename="C:\GIT\Reizdarm\VVVV\subpatches\video_particles.v4p">
   <BOUNDS height="8752" left="4856" top="384" type="Window" width="10024">
   </BOUNDS>
   <NODE componentmode="InABox" id="55" nodename="IOBox (String)" systemname="IOBox (String)">
   <BOUNDS height="255" left="255" top="525" type="Node" width="570">
   </BOUNDS>
   <BOUNDS height="540" left="255" top="525" type="Box" width="4350">
   </BOUNDS>
   <BOUNDS height="160" left="6660" top="12870" type="Window" width="215">
   </BOUNDS>
   <PIN pinname="Input String" slicecount="1" visible="0" encoded="0" values="|Velocity field based particles system.|">
   </PIN>
   <PIN pinname="Output String" visible="0">
   </PIN>
   <PIN pinname="Show Grid" slicecount="1" values="0">
   </PIN>
   </NODE>
   <NODE componentmode="InABox" id="54" nodename="IOBox (String)" systemname="IOBox (String)">
   <BOUNDS height="270" left="255" top="165" type="Node" width="915">
   </BOUNDS>
   <BOUNDS height="360" left="255" top="165" type="Box" width="4335">
   </BOUNDS>
   <BOUNDS height="160" left="6660" top="12870" type="Window" width="215">
   </BOUNDS>
   <PIN pinname="Input String" slicecount="1" visible="0" encoded="0" values="|Particles - 2d Field|">
   </PIN>
   <PIN pinname="Output String" visible="0">
   </PIN>
   <PIN pinname="Show Grid" slicecount="1" values="0">
   </PIN>
   <PIN pinname="Size" slicecount="1" values="12">
   </PIN>
   </NODE>
   <NODE componentmode="Hidden" id="51" nodename="ParticlesField.dll|VVVV.Nodes.Particle2dfieldNode" systemname="Particles (2d Field)" filename="%VVVV%\addonpack\lib\nodes\plugins\ParticlesField.dll">
   <BOUNDS height="270" left="1965" top="5760" type="Node" width="4020">
   </BOUNDS>
   <BOUNDS height="0" left="1965" top="5760" type="Box" width="0">
   </BOUNDS>
   <BOUNDS height="0" left="2235" top="3495" type="Window" width="0">
   </BOUNDS>
   <PIN pinname="PositionXY" visible="1">
   </PIN>
   <PIN pinname="Emit" visible="1">
   </PIN>
   <PIN pinname="Reset" visible="1" slicecount="1" values="0">
   </PIN>
   <PIN pinname="Velocity FieldXY" visible="1">
   </PIN>
   <PIN pinname="Age" slicecount="1" visible="1" values="2.51">
   </PIN>
   <PIN pinname="Age Deviation" slicecount="1" values="0">
   </PIN>
   <PIN pinname="Velocity DeviationXY" visible="1">
   </PIN>
   <PIN pinname="Grid SizeXY" visible="1">
   </PIN>
   <PIN pinname="Age Time Step" slicecount="1" values="0.0209999999999999" visible="1">
   </PIN>
   <PIN pinname="Velocity Time Step" slicecount="1" values="0.01" visible="1">
   </PIN>
   <PIN pinname="Particles Count" visible="1">
   </PIN>
   <PIN pinname="Count" visible="1">
   </PIN>
   </NODE>
   <NODE componentmode="Hidden" id="48" nodename="Vector (2d Split)" systemname="Vector (2d Split)">
   <BOUNDS height="0" left="1980" top="6180" type="Node" width="0">
   </BOUNDS>
   <PIN pinname="XY" visible="1">
   </PIN>
   <PIN pinname="X" visible="1">
   </PIN>
   <PIN pinname="Y" visible="1">
   </PIN>
   </NODE>
   <LINK dstnodeid="48" dstpinname="XY" srcnodeid="51" srcpinname="PositionXY">
   </LINK>
   <NODE componentmode="Hidden" id="47" nodename="Transform (Transform 2d)" systemname="Transform (Transform 2d)">
   <BOUNDS height="270" left="1590" top="7005" type="Node" width="1830">
   </BOUNDS>
   <PIN pinname="TranslateX" visible="1">
   </PIN>
   <PIN pinname="TranslateY" visible="1">
   </PIN>
   <PIN pinname="Transform Out" visible="1">
   </PIN>
   <PIN pinname="ScaleX" visible="1">
   </PIN>
   <PIN pinname="ScaleY" visible="1">
   </PIN>
   <PIN pinname="Rotate" pintype="Input" slicecount="1" visible="-1" values="0">
   </PIN>
   <PIN pinname="CenterX" pintype="Input" slicecount="1" visible="-1" values="0">
   </PIN>
   <PIN pinname="CenterY" pintype="Input" slicecount="1" visible="-1" values="0">
   </PIN>
   </NODE>
   <LINK dstnodeid="47" dstpinname="TranslateX" linkstyle="VHV" srcnodeid="48" srcpinname="X">
   <LINKPOINT x="2010" y="6720">
   </LINKPOINT>
   <LINKPOINT x="2055" y="6720">
   </LINKPOINT>
   </LINK>
   <NODE componentmode="InABox" id="45" nodename="IOBOX (VALUE ADVANCED)" systemname="IOBox (Value Advanced)">
   <BOUNDS height="0" left="3855" top="6150" type="Node" width="0">
   </BOUNDS>
   <BOUNDS height="240" left="3855" top="6150" type="Box" width="795">
   </BOUNDS>
   <BOUNDS height="160" left="3390" top="5505" type="Window" width="215">
   </BOUNDS>
   <PIN pinname="Y Output Value" visible="1">
   </PIN>
   <PIN pinname="Y Input Value" slicecount="1" values="0.17">
   </PIN>
   <PIN pinname="Descriptive Name" slicecount="1" encoded="0" values="Size">
   </PIN>
   </NODE>
   <LINK dstnodeid="47" dstpinname="ScaleX" linkstyle="Bezier" srcnodeid="45" srcpinname="Y Output Value">
   <LINKPOINT x="3390" y="7050">
   </LINKPOINT>
   <LINKPOINT x="2955" y="7050">
   </LINKPOINT>
   </LINK>
   <LINK dstnodeid="47" dstpinname="ScaleY" linkstyle="Bezier" srcnodeid="45" srcpinname="Y Output Value">
   <LINKPOINT x="4590" y="6683">
   </LINKPOINT>
   <LINKPOINT x="3420" y="6683">
   </LINKPOINT>
   </LINK>
   <NODE componentmode="InABox" id="43" nodename="IOBOX (VALUE ADVANCED)" systemname="IOBox (Value Advanced)">
   <BOUNDS height="0" left="4215" top="975" type="Node" width="0">
   </BOUNDS>
   <BOUNDS height="240" left="4215" top="975" type="Box" width="795">
   </BOUNDS>
   <BOUNDS height="160" left="1230" top="3015" type="Window" width="215">
   </BOUNDS>
   <PIN pinname="Descriptive Name" slicecount="1" encoded="0" values="|Grid Size|">
   </PIN>
   <PIN pinname="Y Input Value" slicecount="1" visible="1" values="40">
   </PIN>
   <PIN pinname="Y Output Value" visible="1">
   </PIN>
   </NODE>
   <NODE componentmode="Hidden" id="42" nodename="Resample (Spreads)" systemname="Resample (Spreads)">
   <BOUNDS height="270" left="3225" top="3210" type="Node" width="1410">
   </BOUNDS>
   <PIN pinname="Input" visible="1">
   </PIN>
   <PIN pinname="Output" visible="1">
   </PIN>
   <PIN pinname="Spread Count" visible="1">
   </PIN>
   <PIN pinname="Mode" slicecount="1" values="Cosine">
   </PIN>
   </NODE>
   <NODE componentmode="Hidden" id="41" nodename="LinearSpread (Spreads)" systemname="LinearSpread (Spreads)">
   <BOUNDS height="0" left="3225" top="2715" type="Node" width="0">
   </BOUNDS>
   <PIN pinname="Spread Count" visible="1">
   </PIN>
   <PIN pinname="Width" slicecount="1" values="-0.01">
   </PIN>
   <PIN pinname="Alignment" slicecount="1" values="Block">
   </PIN>
   <PIN pinname="Output" visible="1">
   </PIN>
   <PIN pinname="Input" slicecount="1" values="0.01">
   </PIN>
   <PIN pinname="Phase" slicecount="1" values="0">
   </PIN>
   </NODE>
   <LINK dstnodeid="42" dstpinname="Input" srcnodeid="41" srcpinname="Output">
   </LINK>
   <LINK dstnodeid="41" dstpinname="Spread Count" hiddenwhenlocked="1" linkstyle="Bezier" srcnodeid="43" srcpinname="Y Output Value">
   <LINKPOINT x="4980" y="2475">
   </LINKPOINT>
   <LINKPOINT x="4215" y="2475">
   </LINKPOINT>
   </LINK>
   <NODE componentmode="Hidden" id="40" nodename="Vector (2d Join)" systemname="Vector (2d Join)">
   <BOUNDS height="0" left="3240" top="3795" type="Node" width="0">
   </BOUNDS>
   <PIN pinname="X" visible="1">
   </PIN>
   <PIN pinname="XY" visible="1">
   </PIN>
   </NODE>
   <LINK dstnodeid="40" dstpinname="X" srcnodeid="42" srcpinname="Output">
   </LINK>
   <NODE componentmode="InABox" id="39" nodename="IOBOX (VALUE ADVANCED)" systemname="IOBox (Value Advanced)">
   <BOUNDS height="0" left="901" top="2601" type="Node" width="0">
   </BOUNDS>
   <BOUNDS height="240" left="901" top="2601" type="Box" width="795">
   </BOUNDS>
   <BOUNDS height="160" left="1170" top="2970" type="Window" width="215">
   </BOUNDS>
   <PIN pinname="Y Output Value" visible="1">
   </PIN>
   <PIN pinname="Y Input Value" slicecount="1" values="1" visible="1">
   </PIN>
   <PIN pinname="Descriptive Name" slicecount="1" encoded="0" values="|Emit Count|">
   </PIN>
   <PIN pinname="Value Type" slicecount="1" values="Integer">
   </PIN>
   <PIN pinname="Minimum" slicecount="1" values="0">
   </PIN>
   <PIN pinname="Maximum" slicecount="1" values="50">
   </PIN>
   </NODE>
   <NODE componentmode="Hidden" id="38" nodename="Random (Value)" systemname="Random (Value)">
   <BOUNDS height="0" left="1680" top="4500" type="Node" width="0">
   </BOUNDS>
   <PIN pinname="Is Integer" slicecount="1" values="1">
   </PIN>
   <PIN pinname="Scale" slicecount="1" values="50000">
   </PIN>
   <PIN pinname="Output" visible="1">
   </PIN>
   <PIN pinname="Enabled" slicecount="1" values="1">
   </PIN>
   </NODE>
   <NODE componentmode="Hidden" id="37" nodename="RandomSpread (Spreads Legacy)" systemname="RandomSpread (Spreads Legacy)">
   <BOUNDS height="0" left="945" top="5025" type="Node" width="0">
   </BOUNDS>
   <PIN pinname="Spread Count" visible="1" slicecount="1" values="2">
   </PIN>
   <PIN pinname="Output" visible="1">
   </PIN>
   <PIN pinname="Width" slicecount="1" values="2">
   </PIN>
   <PIN pinname="Random Seed" visible="1">
   </PIN>
   </NODE>
   <LINK dstnodeid="37" dstpinname="Random Seed" srcnodeid="38" srcpinname="Output">
   </LINK>
   <LINK dstnodeid="51" dstpinname="PositionXY" linkstyle="VHV" srcnodeid="37" srcpinname="Output">
   <LINKPOINT x="975" y="5520">
   </LINKPOINT>
   <LINKPOINT x="1995" y="5520">
   </LINKPOINT>
   </LINK>
   <NODE componentmode="Hidden" id="36" nodename="RGB (Color Join)" systemname="RGB (Color Join)">
   <BOUNDS height="0" left="4155" top="7320" type="Node" width="0">
   </BOUNDS>
   <PIN pinname="Alpha" visible="1">
   </PIN>
   <PIN pinname="Output" visible="1">
   </PIN>
   </NODE>
   <LINK dstnodeid="36" dstpinname="Alpha" linkstyle="VHV" srcnodeid="51" srcpinname="Age">
   <LINKPOINT x="4545" y="6675">
   </LINKPOINT>
   <LINKPOINT x="4725" y="6675">
   </LINKPOINT>
   </LINK>
   <NODE componentmode="InABox" debug="0" id="32" nodename="IOBOX (VALUE ADVANCED)" systemname="IOBox (Value Advanced)">
   <BOUNDS height="0" left="5655" top="3015" type="Node" width="0">
   </BOUNDS>
   <BOUNDS height="480" left="5655" top="3015" type="Box" width="480">
   </BOUNDS>
   <BOUNDS height="160" left="4590" top="5115" type="Window" width="215">
   </BOUNDS>
   <PIN pinname="Show Value" slicecount="1" values="0">
   </PIN>
   <PIN pinname="Show Slider" slicecount="1" values="1">
   </PIN>
   <PIN pinname="Minimum" slicecount="1" values="0">
   </PIN>
   <PIN pinname="Maximum" slicecount="1" values="1">
   </PIN>
   <PIN pinname="Slider Behavior" slicecount="1" values="Bang">
   </PIN>
   <PIN pinname="Descriptive Name" slicecount="1" encoded="0" values="Update">
   </PIN>
   <PIN pinname="Y Output Value" visible="1">
   </PIN>
   <PIN pinname="X Input Value" slicecount="1" values="0">
   </PIN>
   <PIN pinname="Y Input Value" slicecount="1" values="0">
   </PIN>
   </NODE>
   <NODE componentmode="Hidden" id="31" nodename="S+H (Animation)" systemname="S+H (Animation)">
   <BOUNDS height="0" left="3960" top="4590" type="Node" width="0">
   </BOUNDS>
   <PIN pinname="Input" visible="1" slicecount="3200" values="0.035,0,0.0342307692307692,0,0.0334615384615385,0,0.0326923076923077,0,0.0319230769230769,0,0.0311538461538462,0,0.0303846153846154,0,0.0296153846153846,0,0.0288461538461538,0,0.0280769230769231,0,0.0273076923076923,0,0.0265384615384615,0,0.0257692307692308,0,0.025,0,0.0242307692307692,0,0.0234615384615385,0,0.0226923076923077,0,0.0219230769230769,0,0.0211538461538462,0,0.0203846153846154,0,0.0196153846153846,0,0.0188461538461538,0,0.0180769230769231,0,0.0173076923076923,0,0.0165384615384615,0,0.0157692307692308,0,0.015,0,0.0142307692307692,0,0.0134615384615385,0,0.0126923076923077,0,0.0119230769230769,0,0.0111538461538462,0,0.0103846153846154,0,0.00961538461538462,0,0.00884615384615385,0,0.00807692307692308,0,0.00730769230769231,0,0.00653846153846154,0,0.00576923076923077,0,0.005,0,0.035,0,0.0342307692307692,0,0.0334615384615385,0,0.0326923076923077,0,0.0319230769230769,0,0.0311538461538462,0,0.0303846153846154,0,0.0296153846153846,0,0.0288461538461538,0,0.0280769230769231,0,0.0273076923076923,0,0.0265384615384615,0,0.0257692307692308,0,0.025,0,0.0242307692307692,0,0.0234615384615385,0,0.0226923076923077,0,0.0219230769230769,0,0.0211538461538462,0,0.0203846153846154,0,0.0196153846153846,0,0.0188461538461538,0,0.0180769230769231,0,0.0173076923076923,0,0.0165384615384615,0,0.0157692307692308,0,0.015,0,0.0142307692307692,0,0.0134615384615385,0,0.0126923076923077,0,0.0119230769230769,0,0.0111538461538462,0,0.0103846153846154,0,0.00961538461538462,0,0.00884615384615385,0,0.00807692307692308,0,0.00730769230769231,0,0.00653846153846154,0,0.00576923076923077,0,0.005,0,0.035,0,0.0342307692307692,0,0.0334615384615385,0,0.0326923076923077,0,0.0319230769230769,0,0.0311538461538462,0,0.0303846153846154,0,0.0296153846153846,0,0.0288461538461538,0,0.0280769230769231,0,0.0273076923076923,0,0.0265384615384615,0,0.0257692307692308,0,0.025,0,0.0242307692307692,0,0.0234615384615385,0,0.0226923076923077,0,0.0219230769230769,0,0.0211538461538462,0,0.0203846153846154,0,0.0196153846153846,0,0.0188461538461538,0,0.0180769230769231,0,0.0173076923076923,0,0.0165384615384615,0,0.0157692307692308,0,0.015,0,0.0142307692307692,0,0.0134615384615385,0,0.0126923076923077,0,0.0119230769230769,0,0.0111538461538462,0,0.0103846153846154,0,0.00961538461538462,0,0.00884615384615385,0,0.00807692307692308,0,0.00730769230769231,0,0.00653846153846154,0,0.00576923076923077,0,0.005,0,0.035,0,0.0342307692307692,0,0.0334615384615385,0,0.0326923076923077,0,0.0319230769230769,0,0.0311538461538462,0,0.0303846153846154,0,0.0296153846153846,0,0.0288461538461538,0,0.0280769230769231,0,0.0273076923076923,0,0.0265384615384615,0,0.0257692307692308,0,0.025,0,0.0242307692307692,0,0.0234615384615385,0,0.0226923076923077,0,0.0219230769230769,0,0.0211538461538462,0,0.0203846153846154,0,0.0196153846153846,0,0.0188461538461538,0,0.0180769230769231,0,0.0173076923076923,0,0.0165384615384615,0,0.0157692307692308,0,0.015,0,0.0142307692307692,0,0.0134615384615385,0,0.0126923076923077,0,0.0119230769230769,0,0.0111538461538462,0,0.0103846153846154,0,0.00961538461538462,0,0.00884615384615385,0,0.00807692307692308,0,0.00730769230769231,0,0.00653846153846154,0,0.00576923076923077,0,0.005,0,0.035,0,0.0342307692307692,0,0.0334615384615385,0,0.0326923076923077,0,0.0319230769230769,0,0.0311538461538462,0,0.0303846153846154,0,0.0296153846153846,0,0.0288461538461538,0,0.0280769230769231,0,0.0273076923076923,0,0.0265384615384615,0,0.0257692307692308,0,0.025,0,0.0242307692307692,0,0.0234615384615385,0,0.0226923076923077,0,0.0219230769230769,0,0.0211538461538462,0,0.0203846153846154,0,0.0196153846153846,0,0.0188461538461538,0,0.0180769230769231,0,0.0173076923076923,0,0.0165384615384615,0,0.0157692307692308,0,0.015,0,0.0142307692307692,0,0.0134615384615385,0,0.0126923076923077,0,0.0119230769230769,0,0.0111538461538462,0,0.0103846153846154,0,0.00961538461538462,0,0.00884615384615385,0,0.00807692307692308,0,0.00730769230769231,0,0.00653846153846154,0,0.00576923076923077,0,0.005,0,0.035,0,0.0342307692307692,0,0.0334615384615385,0,0.0326923076923077,0,0.0319230769230769,0,0.0311538461538462,0,0.0303846153846154,0,0.0296153846153846,0,0.0288461538461538,0,0.0280769230769231,0,0.0273076923076923,0,0.0265384615384615,0,0.0257692307692308,0,0.025,0,0.0242307692307692,0,0.0234615384615385,0,0.0226923076923077,0,0.0219230769230769,0,0.0211538461538462,0,0.0203846153846154,0,0.0196153846153846,0,0.0188461538461538,0,0.0180769230769231,0,0.0173076923076923,0,0.0165384615384615,0,0.0157692307692308,0,0.015,0,0.0142307692307692,0,0.0134615384615385,0,0.0126923076923077,0,0.0119230769230769,0,0.0111538461538462,0,0.0103846153846154,0,0.00961538461538462,0,0.00884615384615385,0,0.00807692307692308,0,0.00730769230769231,0,0.00653846153846154,0,0.00576923076923077,0,0.005,0,0.035,0,0.0342307692307692,0,0.0334615384615385,0,0.0326923076923077,0,0.0319230769230769,0,0.0311538461538462,0,0.0303846153846154,0,0.0296153846153846,0,0.0288461538461538,0,0.0280769230769231,0,0.0273076923076923,0,0.0265384615384615,0,0.0257692307692308,0,0.025,0,0.0242307692307692,0,0.0234615384615385,0,0.0226923076923077,0,0.0219230769230769,0,0.0211538461538462,0,0.0203846153846154,0,0.0196153846153846,0,0.0188461538461538,0,0.0180769230769231,0,0.0173076923076923,0,0.0165384615384615,0,0.0157692307692308,0,0.015,0,0.0142307692307692,0,0.0134615384615385,0,0.0126923076923077,0,0.0119230769230769,0,0.0111538461538462,0,0.0103846153846154,0,0.00961538461538462,0,0.00884615384615385,0,0.00807692307692308,0,0.00730769230769231,0,0.00653846153846154,0,0.00576923076923077,0,0.005,0,0.035,0,0.0342307692307692,0,0.0334615384615385,0,0.0326923076923077,0,0.0319230769230769,0,0.0311538461538462,0,0.0303846153846154,0,0.0296153846153846,0,0.0288461538461538,0,0.0280769230769231,0,0.0273076923076923,0,0.0265384615384615,0,0.0257692307692308,0,0.025,0,0.0242307692307692,0,0.0234615384615385,0,0.0226923076923077,0,0.0219230769230769,0,0.0211538461538462,0,0.0203846153846154,0,0.0196153846153846,0,0.0188461538461538,0,0.0180769230769231,0,0.0173076923076923,0,0.0165384615384615,0,0.0157692307692308,0,0.015,0,0.0142307692307692,0,0.0134615384615385,0,0.0126923076923077,0,0.0119230769230769,0,0.0111538461538462,0,0.0103846153846154,0,0.00961538461538462,0,0.00884615384615385,0,0.00807692307692308,0,0.00730769230769231,0,0.00653846153846154,0,0.00576923076923077,0,0.005,0,0.035,0,0.0342307692307692,0,0.0334615384615385,0,0.0326923076923077,0,0.0319230769230769,0,0.0311538461538462,0,0.0303846153846154,0,0.0296153846153846,0,0.0288461538461538,0,0.0280769230769231,0,0.0273076923076923,0,0.0265384615384615,0,0.0257692307692308,0,0.025,0,0.0242307692307692,0,0.0234615384615385,0,0.0226923076923077,0,0.0219230769230769,0,0.0211538461538462,0,0.0203846153846154,0,0.0196153846153846,0,0.0188461538461538,0,0.0180769230769231,0,0.0173076923076923,0,0.0165384615384615,0,0.0157692307692308,0,0.015,0,0.0142307692307692,0,0.0134615384615385,0,0.0126923076923077,0,0.0119230769230769,0,0.0111538461538462,0,0.0103846153846154,0,0.00961538461538462,0,0.00884615384615385,0,0.00807692307692308,0,0.00730769230769231,0,0.00653846153846154,0,0.00576923076923077,0,0.005,0,0.035,0,0.0342307692307692,0,0.0334615384615385,0,0.0326923076923077,0,0.0319230769230769,0,0.0311538461538462,0,0.0303846153846154,0,0.0296153846153846,0,0.0288461538461538,0,0.0280769230769231,0,0.0273076923076923,0,0.0265384615384615,0,0.0257692307692308,0,0.025,0,0.0242307692307692,0,0.0234615384615385,0,0.0226923076923077,0,0.0219230769230769,0,0.0211538461538462,0,0.0203846153846154,0,0.0196153846153846,0,0.0188461538461538,0,0.0180769230769231,0,0.0173076923076923,0,0.0165384615384615,0,0.0157692307692308,0,0.015,0,0.0142307692307692,0,0.0134615384615385,0,0.0126923076923077,0,0.0119230769230769,0,0.0111538461538462,0,0.0103846153846154,0,0.00961538461538462,0,0.00884615384615385,0,0.00807692307692308,0,0.00730769230769231,0,0.00653846153846154,0,0.00576923076923077,0,0.005,0,0.035,0,0.0342307692307692,0,0.0334615384615385,0,0.0326923076923077,0,0.0319230769230769,0,0.0311538461538462,0,0.0303846153846154,0,0.0296153846153846,0,0.0288461538461538,0,0.0280769230769231,0,0.0273076923076923,0,0.0265384615384615,0,0.0257692307692308,0,0.025,0,0.0242307692307692,0,0.0234615384615385,0,0.0226923076923077,0,0.0219230769230769,0,0.0211538461538462,0,0.0203846153846154,0,0.0196153846153846,0,0.0188461538461538,0,0.0180769230769231,0,0.0173076923076923,0,0.0165384615384615,0,0.0157692307692308,0,0.015,0,0.0142307692307692,0,0.0134615384615385,0,0.0126923076923077,0,0.0119230769230769,0,0.0111538461538462,0,0.0103846153846154,0,0.00961538461538462,0,0.00884615384615385,0,0.00807692307692308,0,0.00730769230769231,0,0.00653846153846154,0,0.00576923076923077,0,0.005,0,0.035,0,0.0342307692307692,0,0.0334615384615385,0,0.0326923076923077,0,0.0319230769230769,0,0.0311538461538462,0,0.0303846153846154,0,0.0296153846153846,0,0.0288461538461538,0,0.0280769230769231,0,0.0273076923076923,0,0.0265384615384615,0,0.0257692307692308,0,0.025,0,0.0242307692307692,0,0.0234615384615385,0,0.0226923076923077,0,0.0219230769230769,0,0.0211538461538462,0,0.0203846153846154,0,0.0196153846153846,0,0.0188461538461538,0,0.0180769230769231,0,0.0173076923076923,0,0.0165384615384615,0,0.0157692307692308,0,0.015,0,0.0142307692307692,0,0.0134615384615385,0,0.0126923076923077,0,0.0119230769230769,0,0.0111538461538462,0,0.0103846153846154,0,0.00961538461538462,0,0.00884615384615385,0,0.00807692307692308,0,0.00730769230769231,0,0.00653846153846154,0,0.00576923076923077,0,0.005,0,0.035,0,0.0342307692307692,0,0.0334615384615385,0,0.0326923076923077,0,0.0319230769230769,0,0.0311538461538462,0,0.0303846153846154,0,0.0296153846153846,0,0.0288461538461538,0,0.0280769230769231,0,0.0273076923076923,0,0.0265384615384615,0,0.0257692307692308,0,0.025,0,0.0242307692307692,0,0.0234615384615385,0,0.0226923076923077,0,0.0219230769230769,0,0.0211538461538462,0,0.0203846153846154,0,0.0196153846153846,0,0.0188461538461538,0,0.0180769230769231,0,0.0173076923076923,0,0.0165384615384615,0,0.0157692307692308,0,0.015,0,0.0142307692307692,0,0.0134615384615385,0,0.0126923076923077,0,0.0119230769230769,0,0.0111538461538462,0,0.0103846153846154,0,0.00961538461538462,0,0.00884615384615385,0,0.00807692307692308,0,0.00730769230769231,0,0.00653846153846154,0,0.00576923076923077,0,0.005,0,0.035,0,0.0342307692307692,0,0.0334615384615385,0,0.0326923076923077,0,0.0319230769230769,0,0.0311538461538462,0,0.0303846153846154,0,0.0296153846153846,0,0.0288461538461538,0,0.0280769230769231,0,0.0273076923076923,0,0.0265384615384615,0,0.0257692307692308,0,0.025,0,0.0242307692307692,0,0.0234615384615385,0,0.0226923076923077,0,0.0219230769230769,0,0.0211538461538462,0,0.0203846153846154,0,0.0196153846153846,0,0.0188461538461538,0,0.0180769230769231,0,0.0173076923076923,0,0.0165384615384615,0,0.0157692307692308,0,0.015,0,0.0142307692307692,0,0.0134615384615385,0,0.0126923076923077,0,0.0119230769230769,0,0.0111538461538462,0,0.0103846153846154,0,0.00961538461538462,0,0.00884615384615385,0,0.00807692307692308,0,0.00730769230769231,0,0.00653846153846154,0,0.00576923076923077,0,0.005,0,0.035,0,0.0342307692307692,0,0.0334615384615385,0,0.0326923076923077,0,0.0319230769230769,0,0.0311538461538462,0,0.0303846153846154,0,0.0296153846153846,0,0.0288461538461538,0,0.0280769230769231,0,0.0273076923076923,0,0.0265384615384615,0,0.0257692307692308,0,0.025,0,0.0242307692307692,0,0.0234615384615385,0,0.0226923076923077,0,0.0219230769230769,0,0.0211538461538462,0,0.0203846153846154,0,0.0196153846153846,0,0.0188461538461538,0,0.0180769230769231,0,0.0173076923076923,0,0.0165384615384615,0,0.0157692307692308,0,0.015,0,0.0142307692307692,0,0.0134615384615385,0,0.0126923076923077,0,0.0119230769230769,0,0.0111538461538462,0,0.0103846153846154,0,0.00961538461538462,0,0.00884615384615385,0,0.00807692307692308,0,0.00730769230769231,0,0.00653846153846154,0,0.00576923076923077,0,0.005,0,0.035,0,0.0342307692307692,0,0.0334615384615385,0,0.0326923076923077,0,0.0319230769230769,0,0.0311538461538462,0,0.0303846153846154,0,0.0296153846153846,0,0.0288461538461538,0,0.0280769230769231,0,0.0273076923076923,0,0.0265384615384615,0,0.0257692307692308,0,0.025,0,0.0242307692307692,0,0.0234615384615385,0,0.0226923076923077,0,0.0219230769230769,0,0.0211538461538462,0,0.0203846153846154,0,0.0196153846153846,0,0.0188461538461538,0,0.0180769230769231,0,0.0173076923076923,0,0.0165384615384615,0,0.0157692307692308,0,0.015,0,0.0142307692307692,0,0.0134615384615385,0,0.0126923076923077,0,0.0119230769230769,0,0.0111538461538462,0,0.0103846153846154,0,0.00961538461538462,0,0.00884615384615385,0,0.00807692307692308,0,0.00730769230769231,0,0.00653846153846154,0,0.00576923076923077,0,0.005,0,0.035,0,0.0342307692307692,0,0.0334615384615385,0,0.0326923076923077,0,0.0319230769230769,0,0.0311538461538462,0,0.0303846153846154,0,0.0296153846153846,0,0.0288461538461538,0,0.0280769230769231,0,0.0273076923076923,0,0.0265384615384615,0,0.0257692307692308,0,0.025,0,0.0242307692307692,0,0.0234615384615385,0,0.0226923076923077,0,0.0219230769230769,0,0.0211538461538462,0,0.0203846153846154,0,0.0196153846153846,0,0.0188461538461538,0,0.0180769230769231,0,0.0173076923076923,0,0.0165384615384615,0,0.0157692307692308,0,0.015,0,0.0142307692307692,0,0.0134615384615385,0,0.0126923076923077,0,0.0119230769230769,0,0.0111538461538462,0,0.0103846153846154,0,0.00961538461538462,0,0.00884615384615385,0,0.00807692307692308,0,0.00730769230769231,0,0.00653846153846154,0,0.00576923076923077,0,0.005,0,0.035,0,0.0342307692307692,0,0.0334615384615385,0,0.0326923076923077,0,0.0319230769230769,0,0.0311538461538462,0,0.0303846153846154,0,0.0296153846153846,0,0.0288461538461538,0,0.0280769230769231,0,0.0273076923076923,0,0.0265384615384615,0,0.0257692307692308,0,0.025,0,0.0242307692307692,0,0.0234615384615385,0,0.0226923076923077,0,0.0219230769230769,0,0.0211538461538462,0,0.0203846153846154,0,0.0196153846153846,0,0.0188461538461538,0,0.0180769230769231,0,0.0173076923076923,0,0.0165384615384615,0,0.0157692307692308,0,0.015,0,0.0142307692307692,0,0.0134615384615385,0,0.0126923076923077,0,0.0119230769230769,0,0.0111538461538462,0,0.0103846153846154,0,0.00961538461538462,0,0.00884615384615385,0,0.00807692307692308,0,0.00730769230769231,0,0.00653846153846154,0,0.00576923076923077,0,0.005,0,0.035,0,0.0342307692307692,0,0.0334615384615385,0,0.0326923076923077,0,0.0319230769230769,0,0.0311538461538462,0,0.0303846153846154,0,0.0296153846153846,0,0.0288461538461538,0,0.0280769230769231,0,0.0273076923076923,0,0.0265384615384615,0,0.0257692307692308,0,0.025,0,0.0242307692307692,0,0.0234615384615385,0,0.0226923076923077,0,0.0219230769230769,0,0.0211538461538462,0,0.0203846153846154,0,0.0196153846153846,0,0.0188461538461538,0,0.0180769230769231,0,0.0173076923076923,0,0.0165384615384615,0,0.0157692307692308,0,0.015,0,0.0142307692307692,0,0.0134615384615385,0,0.0126923076923077,0,0.0119230769230769,0,0.0111538461538462,0,0.0103846153846154,0,0.00961538461538462,0,0.00884615384615385,0,0.00807692307692308,0,0.00730769230769231,0,0.00653846153846154,0,0.00576923076923077,0,0.005,0,0.035,0,0.0342307692307692,0,0.0334615384615385,0,0.0326923076923077,0,0.0319230769230769,0,0.0311538461538462,0,0.0303846153846154,0,0.0296153846153846,0,0.0288461538461538,0,0.0280769230769231,0,0.0273076923076923,0,0.0265384615384615,0,0.0257692307692308,0,0.025,0,0.0242307692307692,0,0.0234615384615385,0,0.0226923076923077,0,0.0219230769230769,0,0.0211538461538462,0,0.0203846153846154,0,0.0196153846153846,0,0.0188461538461538,0,0.0180769230769231,0,0.0173076923076923,0,0.0165384615384615,0,0.0157692307692308,0,0.015,0,0.0142307692307692,0,0.0134615384615385,0,0.0126923076923077,0,0.0119230769230769,0,0.0111538461538462,0,0.0103846153846154,0,0.00961538461538462,0,0.00884615384615385,0,0.00807692307692308,0,0.00730769230769231,0,0.00653846153846154,0,0.00576923076923077,0,0.005,0,0.035,0,0.0342307692307692,0,0.0334615384615385,0,0.0326923076923077,0,0.0319230769230769,0,0.0311538461538462,0,0.0303846153846154,0,0.0296153846153846,0,0.0288461538461538,0,0.0280769230769231,0,0.0273076923076923,0,0.0265384615384615,0,0.0257692307692308,0,0.025,0,0.0242307692307692,0,0.0234615384615385,0,0.0226923076923077,0,0.0219230769230769,0,0.0211538461538462,0,0.0203846153846154,0,0.0196153846153846,0,0.0188461538461538,0,0.0180769230769231,0,0.0173076923076923,0,0.0165384615384615,0,0.0157692307692308,0,0.015,0,0.0142307692307692,0,0.0134615384615385,0,0.0126923076923077,0,0.0119230769230769,0,0.0111538461538462,0,0.0103846153846154,0,0.00961538461538462,0,0.00884615384615385,0,0.00807692307692308,0,0.00730769230769231,0,0.00653846153846154,0,0.00576923076923077,0,0.005,0,0.035,0,0.0342307692307692,0,0.0334615384615385,0,0.0326923076923077,0,0.0319230769230769,0,0.0311538461538462,0,0.0303846153846154,0,0.0296153846153846,0,0.0288461538461538,0,0.0280769230769231,0,0.0273076923076923,0,0.0265384615384615,0,0.0257692307692308,0,0.025,0,0.0242307692307692,0,0.0234615384615385,0,0.0226923076923077,0,0.0219230769230769,0,0.0211538461538462,0,0.0203846153846154,0,0.0196153846153846,0,0.0188461538461538,0,0.0180769230769231,0,0.0173076923076923,0,0.0165384615384615,0,0.0157692307692308,0,0.015,0,0.0142307692307692,0,0.0134615384615385,0,0.0126923076923077,0,0.0119230769230769,0,0.0111538461538462,0,0.0103846153846154,0,0.00961538461538462,0,0.00884615384615385,0,0.00807692307692308,0,0.00730769230769231,0,0.00653846153846154,0,0.00576923076923077,0,0.005,0,0.035,0,0.0342307692307692,0,0.0334615384615385,0,0.0326923076923077,0,0.0319230769230769,0,0.0311538461538462,0,0.0303846153846154,0,0.0296153846153846,0,0.0288461538461538,0,0.0280769230769231,0,0.0273076923076923,0,0.0265384615384615,0,0.0257692307692308,0,0.025,0,0.0242307692307692,0,0.0234615384615385,0,0.0226923076923077,0,0.0219230769230769,0,0.0211538461538462,0,0.0203846153846154,0,0.0196153846153846,0,0.0188461538461538,0,0.0180769230769231,0,0.0173076923076923,0,0.0165384615384615,0,0.0157692307692308,0,0.015,0,0.0142307692307692,0,0.0134615384615385,0,0.0126923076923077,0,0.0119230769230769,0,0.0111538461538462,0,0.0103846153846154,0,0.00961538461538462,0,0.00884615384615385,0,0.00807692307692308,0,0.00730769230769231,0,0.00653846153846154,0,0.00576923076923077,0,0.005,0,0.035,0,0.0342307692307692,0,0.0334615384615385,0,0.0326923076923077,0,0.0319230769230769,0,0.0311538461538462,0,0.0303846153846154,0,0.0296153846153846,0,0.0288461538461538,0,0.0280769230769231,0,0.0273076923076923,0,0.0265384615384615,0,0.0257692307692308,0,0.025,0,0.0242307692307692,0,0.0234615384615385,0,0.0226923076923077,0,0.0219230769230769,0,0.0211538461538462,0,0.0203846153846154,0,0.0196153846153846,0,0.0188461538461538,0,0.0180769230769231,0,0.0173076923076923,0,0.0165384615384615,0,0.0157692307692308,0,0.015,0,0.0142307692307692,0,0.0134615384615385,0,0.0126923076923077,0,0.0119230769230769,0,0.0111538461538462,0,0.0103846153846154,0,0.00961538461538462,0,0.00884615384615385,0,0.00807692307692308,0,0.00730769230769231,0,0.00653846153846154,0,0.00576923076923077,0,0.005,0,0.035,0,0.0342307692307692,0,0.0334615384615385,0,0.0326923076923077,0,0.0319230769230769,0,0.0311538461538462,0,0.0303846153846154,0,0.0296153846153846,0,0.0288461538461538,0,0.0280769230769231,0,0.0273076923076923,0,0.0265384615384615,0,0.0257692307692308,0,0.025,0,0.0242307692307692,0,0.0234615384615385,0,0.0226923076923077,0,0.0219230769230769,0,0.0211538461538462,0,0.0203846153846154,0,0.0196153846153846,0,0.0188461538461538,0,0.0180769230769231,0,0.0173076923076923,0,0.0165384615384615,0,0.0157692307692308,0,0.015,0,0.0142307692307692,0,0.0134615384615385,0,0.0126923076923077,0,0.0119230769230769,0,0.0111538461538462,0,0.0103846153846154,0,0.00961538461538462,0,0.00884615384615385,0,0.00807692307692308,0,0.00730769230769231,0,0.00653846153846154,0,0.00576923076923077,0,0.005,0,0.035,0,0.0342307692307692,0,0.0334615384615385,0,0.0326923076923077,0,0.0319230769230769,0,0.0311538461538462,0,0.0303846153846154,0,0.0296153846153846,0,0.0288461538461538,0,0.0280769230769231,0,0.0273076923076923,0,0.0265384615384615,0,0.0257692307692308,0,0.025,0,0.0242307692307692,0,0.0234615384615385,0,0.0226923076923077,0,0.0219230769230769,0,0.0211538461538462,0,0.0203846153846154,0,0.0196153846153846,0,0.0188461538461538,0,0.0180769230769231,0,0.0173076923076923,0,0.0165384615384615,0,0.0157692307692308,0,0.015,0,0.0142307692307692,0,0.0134615384615385,0,0.0126923076923077,0,0.0119230769230769,0,0.0111538461538462,0,0.0103846153846154,0,0.00961538461538462,0,0.00884615384615385,0,0.00807692307692308,0,0.00730769230769231,0,0.00653846153846154,0,0.00576923076923077,0,0.005,0,0.035,0,0.0342307692307692,0,0.0334615384615385,0,0.0326923076923077,0,0.0319230769230769,0,0.0311538461538462,0,0.0303846153846154,0,0.0296153846153846,0,0.0288461538461538,0,0.0280769230769231,0,0.0273076923076923,0,0.0265384615384615,0,0.0257692307692308,0,0.025,0,0.0242307692307692,0,0.0234615384615385,0,0.0226923076923077,0,0.0219230769230769,0,0.0211538461538462,0,0.0203846153846154,0,0.0196153846153846,0,0.0188461538461538,0,0.0180769230769231,0,0.0173076923076923,0,0.0165384615384615,0,0.0157692307692308,0,0.015,0,0.0142307692307692,0,0.0134615384615385,0,0.0126923076923077,0,0.0119230769230769,0,0.0111538461538462,0,0.0103846153846154,0,0.00961538461538462,0,0.00884615384615385,0,0.00807692307692308,0,0.00730769230769231,0,0.00653846153846154,0,0.00576923076923077,0,0.005,0,0.035,0,0.0342307692307692,0,0.0334615384615385,0,0.0326923076923077,0,0.0319230769230769,0,0.0311538461538462,0,0.0303846153846154,0,0.0296153846153846,0,0.0288461538461538,0,0.0280769230769231,0,0.0273076923076923,0,0.0265384615384615,0,0.0257692307692308,0,0.025,0,0.0242307692307692,0,0.0234615384615385,0,0.0226923076923077,0,0.0219230769230769,0,0.0211538461538462,0,0.0203846153846154,0,0.0196153846153846,0,0.0188461538461538,0,0.0180769230769231,0,0.0173076923076923,0,0.0165384615384615,0,0.0157692307692308,0,0.015,0,0.0142307692307692,0,0.0134615384615385,0,0.0126923076923077,0,0.0119230769230769,0,0.0111538461538462,0,0.0103846153846154,0,0.00961538461538462,0,0.00884615384615385,0,0.00807692307692308,0,0.00730769230769231,0,0.00653846153846154,0,0.00576923076923077,0,0.005,0,0.035,0,0.0342307692307692,0,0.0334615384615385,0,0.0326923076923077,0,0.0319230769230769,0,0.0311538461538462,0,0.0303846153846154,0,0.0296153846153846,0,0.0288461538461538,0,0.0280769230769231,0,0.0273076923076923,0,0.0265384615384615,0,0.0257692307692308,0,0.025,0,0.0242307692307692,0,0.0234615384615385,0,0.0226923076923077,0,0.0219230769230769,0,0.0211538461538462,0,0.0203846153846154,0,0.0196153846153846,0,0.0188461538461538,0,0.0180769230769231,0,0.0173076923076923,0,0.0165384615384615,0,0.0157692307692308,0,0.015,0,0.0142307692307692,0,0.0134615384615385,0,0.0126923076923077,0,0.0119230769230769,0,0.0111538461538462,0,0.0103846153846154,0,0.00961538461538462,0,0.00884615384615385,0,0.00807692307692308,0,0.00730769230769231,0,0.00653846153846154,0,0.00576923076923077,0,0.005,0,0.035,0,0.0342307692307692,0,0.0334615384615385,0,0.0326923076923077,0,0.0319230769230769,0,0.0311538461538462,0,0.0303846153846154,0,0.0296153846153846,0,0.0288461538461538,0,0.0280769230769231,0,0.0273076923076923,0,0.0265384615384615,0,0.0257692307692308,0,0.025,0,0.0242307692307692,0,0.0234615384615385,0,0.0226923076923077,0,0.0219230769230769,0,0.0211538461538462,0,0.0203846153846154,0,0.0196153846153846,0,0.0188461538461538,0,0.0180769230769231,0,0.0173076923076923,0,0.0165384615384615,0,0.0157692307692308,0,0.015,0,0.0142307692307692,0,0.0134615384615385,0,0.0126923076923077,0,0.0119230769230769,0,0.0111538461538462,0,0.0103846153846154,0,0.00961538461538462,0,0.00884615384615385,0,0.00807692307692308,0,0.00730769230769231,0,0.00653846153846154,0,0.00576923076923077,0,0.005,0,0.035,0,0.0342307692307692,0,0.0334615384615385,0,0.0326923076923077,0,0.0319230769230769,0,0.0311538461538462,0,0.0303846153846154,0,0.0296153846153846,0,0.0288461538461538,0,0.0280769230769231,0,0.0273076923076923,0,0.0265384615384615,0,0.0257692307692308,0,0.025,0,0.0242307692307692,0,0.0234615384615385,0,0.0226923076923077,0,0.0219230769230769,0,0.0211538461538462,0,0.0203846153846154,0,0.0196153846153846,0,0.0188461538461538,0,0.0180769230769231,0,0.0173076923076923,0,0.0165384615384615,0,0.0157692307692308,0,0.015,0,0.0142307692307692,0,0.0134615384615385,0,0.0126923076923077,0,0.0119230769230769,0,0.0111538461538462,0,0.0103846153846154,0,0.00961538461538462,0,0.00884615384615385,0,0.00807692307692308,0,0.00730769230769231,0,0.00653846153846154,0,0.00576923076923077,0,0.005,0,0.035,0,0.0342307692307692,0,0.0334615384615385,0,0.0326923076923077,0,0.0319230769230769,0,0.0311538461538462,0,0.0303846153846154,0,0.0296153846153846,0,0.0288461538461538,0,0.0280769230769231,0,0.0273076923076923,0,0.0265384615384615,0,0.0257692307692308,0,0.025,0,0.0242307692307692,0,0.0234615384615385,0,0.0226923076923077,0,0.0219230769230769,0,0.0211538461538462,0,0.0203846153846154,0,0.0196153846153846,0,0.0188461538461538,0,0.0180769230769231,0,0.0173076923076923,0,0.0165384615384615,0,0.0157692307692308,0,0.015,0,0.0142307692307692,0,0.0134615384615385,0,0.0126923076923077,0,0.0119230769230769,0,0.0111538461538462,0,0.0103846153846154,0,0.00961538461538462,0,0.00884615384615385,0,0.00807692307692308,0,0.00730769230769231,0,0.00653846153846154,0,0.00576923076923077,0,0.005,0,0.035,0,0.0342307692307692,0,0.0334615384615385,0,0.0326923076923077,0,0.0319230769230769,0,0.0311538461538462,0,0.0303846153846154,0,0.0296153846153846,0,0.0288461538461538,0,0.0280769230769231,0,0.0273076923076923,0,0.0265384615384615,0,0.0257692307692308,0,0.025,0,0.0242307692307692,0,0.0234615384615385,0,0.0226923076923077,0,0.0219230769230769,0,0.0211538461538462,0,0.0203846153846154,0,0.0196153846153846,0,0.0188461538461538,0,0.0180769230769231,0,0.0173076923076923,0,0.0165384615384615,0,0.0157692307692308,0,0.015,0,0.0142307692307692,0,0.0134615384615385,0,0.0126923076923077,0,0.0119230769230769,0,0.0111538461538462,0,0.0103846153846154,0,0.00961538461538462,0,0.00884615384615385,0,0.00807692307692308,0,0.00730769230769231,0,0.00653846153846154,0,0.00576923076923077,0,0.005,0,0.035,0,0.0342307692307692,0,0.0334615384615385,0,0.0326923076923077,0,0.0319230769230769,0,0.0311538461538462,0,0.0303846153846154,0,0.0296153846153846,0,0.0288461538461538,0,0.0280769230769231,0,0.0273076923076923,0,0.0265384615384615,0,0.0257692307692308,0,0.025,0,0.0242307692307692,0,0.0234615384615385,0,0.0226923076923077,0,0.0219230769230769,0,0.0211538461538462,0,0.0203846153846154,0,0.0196153846153846,0,0.0188461538461538,0,0.0180769230769231,0,0.0173076923076923,0,0.0165384615384615,0,0.0157692307692308,0,0.015,0,0.0142307692307692,0,0.0134615384615385,0,0.0126923076923077,0,0.0119230769230769,0,0.0111538461538462,0,0.0103846153846154,0,0.00961538461538462,0,0.00884615384615385,0,0.00807692307692308,0,0.00730769230769231,0,0.00653846153846154,0,0.00576923076923077,0,0.005,0,0.035,0,0.0342307692307692,0,0.0334615384615385,0,0.0326923076923077,0,0.0319230769230769,0,0.0311538461538462,0,0.0303846153846154,0,0.0296153846153846,0,0.0288461538461538,0,0.0280769230769231,0,0.0273076923076923,0,0.0265384615384615,0,0.0257692307692308,0,0.025,0,0.0242307692307692,0,0.0234615384615385,0,0.0226923076923077,0,0.0219230769230769,0,0.0211538461538462,0,0.0203846153846154,0,0.0196153846153846,0,0.0188461538461538,0,0.0180769230769231,0,0.0173076923076923,0,0.0165384615384615,0,0.0157692307692308,0,0.015,0,0.0142307692307692,0,0.0134615384615385,0,0.0126923076923077,0,0.0119230769230769,0,0.0111538461538462,0,0.0103846153846154,0,0.00961538461538462,0,0.00884615384615385,0,0.00807692307692308,0,0.00730769230769231,0,0.00653846153846154,0,0.00576923076923077,0,0.005,0,0.035,0,0.0342307692307692,0,0.0334615384615385,0,0.0326923076923077,0,0.0319230769230769,0,0.0311538461538462,0,0.0303846153846154,0,0.0296153846153846,0,0.0288461538461538,0,0.0280769230769231,0,0.0273076923076923,0,0.0265384615384615,0,0.0257692307692308,0,0.025,0,0.0242307692307692,0,0.0234615384615385,0,0.0226923076923077,0,0.0219230769230769,0,0.0211538461538462,0,0.0203846153846154,0,0.0196153846153846,0,0.0188461538461538,0,0.0180769230769231,0,0.0173076923076923,0,0.0165384615384615,0,0.0157692307692308,0,0.015,0,0.0142307692307692,0,0.0134615384615385,0,0.0126923076923077,0,0.0119230769230769,0,0.0111538461538462,0,0.0103846153846154,0,0.00961538461538462,0,0.00884615384615385,0,0.00807692307692308,0,0.00730769230769231,0,0.00653846153846154,0,0.00576923076923077,0,0.005,0,0.035,0,0.0342307692307692,0,0.0334615384615385,0,0.0326923076923077,0,0.0319230769230769,0,0.0311538461538462,0,0.0303846153846154,0,0.0296153846153846,0,0.0288461538461538,0,0.0280769230769231,0,0.0273076923076923,0,0.0265384615384615,0,0.0257692307692308,0,0.025,0,0.0242307692307692,0,0.0234615384615385,0,0.0226923076923077,0,0.0219230769230769,0,0.0211538461538462,0,0.0203846153846154,0,0.0196153846153846,0,0.0188461538461538,0,0.0180769230769231,0,0.0173076923076923,0,0.0165384615384615,0,0.0157692307692308,0,0.015,0,0.0142307692307692,0,0.0134615384615385,0,0.0126923076923077,0,0.0119230769230769,0,0.0111538461538462,0,0.0103846153846154,0,0.00961538461538462,0,0.00884615384615385,0,0.00807692307692308,0,0.00730769230769231,0,0.00653846153846154,0,0.00576923076923077,0,0.005,0,0.035,0,0.0342307692307692,0,0.0334615384615385,0,0.0326923076923077,0,0.0319230769230769,0,0.0311538461538462,0,0.0303846153846154,0,0.0296153846153846,0,0.0288461538461538,0,0.0280769230769231,0,0.0273076923076923,0,0.0265384615384615,0,0.0257692307692308,0,0.025,0,0.0242307692307692,0,0.0234615384615385,0,0.0226923076923077,0,0.0219230769230769,0,0.0211538461538462,0,0.0203846153846154,0,0.0196153846153846,0,0.0188461538461538,0,0.0180769230769231,0,0.0173076923076923,0,0.0165384615384615,0,0.0157692307692308,0,0.015,0,0.0142307692307692,0,0.0134615384615385,0,0.0126923076923077,0,0.0119230769230769,0,0.0111538461538462,0,0.0103846153846154,0,0.00961538461538462,0,0.00884615384615385,0,0.00807692307692308,0,0.00730769230769231,0,0.00653846153846154,0,0.00576923076923077,0,0.005,0,0.035,0,0.0342307692307692,0,0.0334615384615385,0,0.0326923076923077,0,0.0319230769230769,0,0.0311538461538462,0,0.0303846153846154,0,0.0296153846153846,0,0.0288461538461538,0,0.0280769230769231,0,0.0273076923076923,0,0.0265384615384615,0,0.0257692307692308,0,0.025,0,0.0242307692307692,0,0.0234615384615385,0,0.0226923076923077,0,0.0219230769230769,0,0.0211538461538462,0,0.0203846153846154,0,0.0196153846153846,0,0.0188461538461538,0,0.0180769230769231,0,0.0173076923076923,0,0.0165384615384615,0,0.0157692307692308,0,0.015,0,0.0142307692307692,0,0.0134615384615385,0,0.0126923076923077,0,0.0119230769230769,0,0.0111538461538462,0,0.0103846153846154,0,0.00961538461538462,0,0.00884615384615385,0,0.00807692307692308,0,0.00730769230769231,0,0.00653846153846154,0,0.00576923076923077,0,0.005,0,0.035,0,0.0342307692307692,0,0.0334615384615385,0,0.0326923076923077,0,0.0319230769230769,0,0.0311538461538462,0,0.0303846153846154,0,0.0296153846153846,0,0.0288461538461538,0,0.0280769230769231,0,0.0273076923076923,0,0.0265384615384615,0,0.0257692307692308,0,0.025,0,0.0242307692307692,0,0.0234615384615385,0,0.0226923076923077,0,0.0219230769230769,0,0.0211538461538462,0,0.0203846153846154,0,0.0196153846153846,0,0.0188461538461538,0,0.0180769230769231,0,0.0173076923076923,0,0.0165384615384615,0,0.0157692307692308,0,0.015,0,0.0142307692307692,0,0.0134615384615385,0,0.0126923076923077,0,0.0119230769230769,0,0.0111538461538462,0,0.0103846153846154,0,0.00961538461538462,0,0.00884615384615385,0,0.00807692307692308,0,0.00730769230769231,0,0.00653846153846154,0,0.00576923076923077,0,0.005,0">
   </PIN>
   <PIN pinname="Set" visible="1">
   </PIN>
   <PIN pinname="Output" visible="1">
   </PIN>
   </NODE>
   <LINK dstnodeid="51" dstpinname="Velocity FieldXY" srcnodeid="31" srcpinname="Output">
   </LINK>
   <NODE componentmode="Hidden" id="30" nodename="OR (Boolean)" systemname="OR (Boolean)">
   <BOUNDS height="0" left="6060" top="3795" type="Node" width="0">
   </BOUNDS>
   <PIN pinname="Output" visible="1">
   </PIN>
   <PIN pinname="Input 1" visible="1">
   </PIN>
   <PIN pinname="Input 2" visible="1">
   </PIN>
   </NODE>
   <LINK dstnodeid="30" dstpinname="Input 1" srcnodeid="32" srcpinname="Y Output Value">
   </LINK>
   <NODE componentmode="Hidden" id="29" nodename="OnOpen (VVVV)" systemname="OnOpen (VVVV)">
   <BOUNDS height="0" left="6675" top="3300" type="Node" width="0">
   </BOUNDS>
   <PIN pinname="Bang" visible="1">
   </PIN>
   </NODE>
   <LINK dstnodeid="30" dstpinname="Input 2" srcnodeid="29" srcpinname="Bang">
   </LINK>
   <NODE componentmode="InABox" id="19" nodename="IOBox (String)" systemname="IOBox (String)">
   <BOUNDS height="480" left="2640" top="1755" type="Node" width="2595">
   </BOUNDS>
   <BOUNDS height="855" left="2640" top="1755" type="Box" width="1530">
   </BOUNDS>
   <BOUNDS height="160" left="0" top="0" type="Window" width="215">
   </BOUNDS>
   <PIN pinname="Input String" slicecount="1" visible="0" encoded="0" values="|This sample creates a Wind tunnel &cr;&lf;style field|">
   </PIN>
   <PIN pinname="Output String" visible="0">
   </PIN>
   <PIN pinname="Show Grid" slicecount="1" values="0">
   </PIN>
   </NODE>
   <LINK dstnodeid="51" dstpinname="Grid SizeXY" hiddenwhenlocked="1" linkstyle="VHV" srcnodeid="43" srcpinname="Y Output Value">
   <LINKPOINT x="4950" y="3758">
   </LINKPOINT>
   <LINKPOINT x="3015" y="3758">
   </LINKPOINT>
   </LINK>
   <NODE componentmode="Hidden" hiddenwhenlocked="1" id="11" nodename="Multiply (Value)" systemname="Multiply (Value)">
   <BOUNDS height="0" left="4560" top="2760" type="Node" width="0">
   </BOUNDS>
   <PIN pinname="Input 1" visible="1">
   </PIN>
   <PIN pinname="Input 2" visible="1">
   </PIN>
   <PIN pinname="Output" visible="1">
   </PIN>
   </NODE>
   <LINK dstnodeid="11" dstpinname="Input 1" hiddenwhenlocked="1" linkstyle="Bezier" srcnodeid="43" srcpinname="Y Output Value">
   <LINKPOINT x="4950" y="2250">
   </LINKPOINT>
   <LINKPOINT x="4590" y="2250">
   </LINKPOINT>
   </LINK>
   <LINK dstnodeid="11" dstpinname="Input 2" hiddenwhenlocked="1" linkstyle="Bezier" srcnodeid="43" srcpinname="Y Output Value">
   <LINKPOINT x="4965" y="2258">
   </LINKPOINT>
   <LINKPOINT x="4830" y="2258">
   </LINKPOINT>
   </LINK>
   <LINK dstnodeid="42" dstpinname="Spread Count" srcnodeid="11" srcpinname="Output">
   </LINK>
   <NODE componentmode="InABox" id="10" nodename="IOBOX (VALUE ADVANCED)" systemname="IOBox (Value Advanced)">
   <BOUNDS height="0" left="4515" top="5250" type="Node" width="0">
   </BOUNDS>
   <BOUNDS height="240" left="4515" top="5250" type="Box" width="675">
   </BOUNDS>
   <BOUNDS height="160" left="6060" top="5685" type="Window" width="215">
   </BOUNDS>
   <PIN pinname="Y Input Value" slicecount="1" values="10000">
   </PIN>
   <PIN pinname="Y Output Value" visible="1">
   </PIN>
   <PIN pinname="Descriptive Name" slicecount="1" encoded="0" values="|Particles Count|">
   </PIN>
   </NODE>
   <LINK dstnodeid="47" dstpinname="TranslateY" linkstyle="VHV" srcnodeid="48" srcpinname="Y">
   <LINKPOINT x="2565" y="6728">
   </LINKPOINT>
   <LINKPOINT x="2505" y="6728">
   </LINKPOINT>
   </LINK>
   <NODE componentmode="Hidden" hiddenwhenlocked="1" id="8" nodename="LinearSpread (Spreads)" systemname="LinearSpread (Spreads)">
   <BOUNDS height="0" left="8408" top="910" type="Node" width="0">
   </BOUNDS>
   <PIN pinname="Output" visible="1">
   </PIN>
   <PIN pinname="Spread Count" visible="1">
   </PIN>
   <PIN pinname="Width" slicecount="1" values="20.78">
   </PIN>
   <PIN pinname="Input" slicecount="1" values="1.76">
   </PIN>
   </NODE>
   <NODE componentmode="Hidden" hiddenwhenlocked="1" id="7" nodename="Cross (2d)" systemname="Cross (2d)">
   <BOUNDS height="270" left="8393" top="1300" type="Node" width="1035">
   </BOUNDS>
   <PIN pinname="X In" visible="1">
   </PIN>
   <PIN pinname="Y In" visible="1">
   </PIN>
   <PIN pinname="X Out" visible="1">
   </PIN>
   <PIN pinname="Y Out" visible="1">
   </PIN>
   </NODE>
   <LINK dstnodeid="7" dstpinname="X In" hiddenwhenlocked="1" srcnodeid="8" srcpinname="Output">
   </LINK>
   <LINK dstnodeid="7" dstpinname="Y In" hiddenwhenlocked="1" srcnodeid="8" srcpinname="Output">
   </LINK>
   <NODE componentmode="Hidden" hiddenwhenlocked="1" id="6" nodename="Function (Complex)" systemname="Function (Complex)">
   <BOUNDS height="0" left="8408" top="1690" type="Node" width="0">
   </BOUNDS>
   <PIN pinname="Input Real" visible="1">
   </PIN>
   <PIN pinname="Output Real" visible="1">
   </PIN>
   <PIN pinname="Function" slicecount="1" values="Sin">
   </PIN>
   <PIN pinname="Input Imagiary" slicecount="1" values="-1.98">
   </PIN>
   </NODE>
   <LINK dstnodeid="6" dstpinname="Input Real" hiddenwhenlocked="1" srcnodeid="7" srcpinname="X Out">
   </LINK>
   <NODE componentmode="Hidden" hiddenwhenlocked="1" id="5" nodename="Function (Complex)" systemname="Function (Complex)">
   <BOUNDS height="0" left="9353" top="1690" type="Node" width="0">
   </BOUNDS>
   <PIN pinname="Input Real" visible="1">
   </PIN>
   <PIN pinname="Output Real" visible="1">
   </PIN>
   <PIN pinname="Function" slicecount="1" values="Cos">
   </PIN>
   </NODE>
   <LINK dstnodeid="5" dstpinname="Input Real" hiddenwhenlocked="1" srcnodeid="7" srcpinname="Y Out">
   </LINK>
   <NODE componentmode="Hidden" hiddenwhenlocked="1" id="4" nodename="Vector (2d Join)" systemname="Vector (2d Join)">
   <BOUNDS height="270" left="8423" top="2620" type="Node" width="690">
   </BOUNDS>
   <PIN pinname="X" visible="1">
   </PIN>
   <PIN pinname="Y" visible="1">
   </PIN>
   <PIN pinname="XY" visible="1">
   </PIN>
   </NODE>
   <LINK dstnodeid="4" dstpinname="X" hiddenwhenlocked="1" srcnodeid="6" srcpinname="Output Real">
   </LINK>
   <NODE componentmode="Hidden" hiddenwhenlocked="1" id="3" nodename=":MODULES:\vvvv group\Value\Cycles (Value Radians).v4p" systemname="Cycles (Value Radians)" filename="%VVVV%\lib\nodes\modules\Value\Cycles (Value Radians).v4p">
   <BOUNDS height="0" left="8453" top="3595" type="Node" width="0">
   </BOUNDS>
   <BOUNDS height="3600" left="8453" top="3595" type="Box" width="4800">
   </BOUNDS>
   <BOUNDS height="6000" left="11175" top="7350" type="Window" width="9000">
   </BOUNDS>
   <PIN pinname="Radians" visible="1">
   </PIN>
   <PIN pinname="Cycles" visible="1">
   </PIN>
   </NODE>
   <NODE componentmode="Hidden" hiddenwhenlocked="1" id="2" nodename="Subtract (Value)" systemname="Subtract (Value)">
   <BOUNDS height="270" left="9053" top="2110" type="Node" width="345">
   </BOUNDS>
   <PIN pinname="Input 2" visible="1">
   </PIN>
   <PIN pinname="Output" visible="1">
   </PIN>
   <PIN pinname="Input 1" slicecount="1" values="1.73">
   </PIN>
   </NODE>
   <LINK dstnodeid="2" dstpinname="Input 2" hiddenwhenlocked="1" srcnodeid="5" srcpinname="Output Real">
   </LINK>
   <LINK dstnodeid="4" dstpinname="Y" hiddenwhenlocked="1" srcnodeid="2" srcpinname="Output">
   </LINK>
   <LINK dstnodeid="8" dstpinname="Spread Count" hiddenwhenlocked="1" linkstyle="Bezier" srcnodeid="43" srcpinname="Y Output Value">
   <LINKPOINT x="4333" y="1221">
   </LINKPOINT>
   <LINKPOINT x="10045" y="875">
   </LINKPOINT>
   </LINK>
   <NODE componentmode="InABox" hiddenwhenlocked="1" id="1" nodename="IOBox (String)" systemname="IOBox (String)">
   <BOUNDS height="690" left="9158" top="2815" type="Node" width="1800">
   </BOUNDS>
   <BOUNDS height="690" left="9158" top="2815" type="Box" width="1800">
   </BOUNDS>
   <BOUNDS height="160" left="0" top="0" type="Window" width="215">
   </BOUNDS>
   <PIN pinname="Input String" slicecount="1" visible="0" encoded="0" values="|Another field example, &cr;&lf;connect to the S+H and&cr;&lf;click update|">
   </PIN>
   <PIN pinname="Output String" visible="0">
   </PIN>
   <PIN pinname="Show Grid" slicecount="1" values="0">
   </PIN>
   </NODE>
   <NODE componentmode="Hidden" hiddenwhenlocked="1" id="0" nodename="Divide (Value)" systemname="Divide (Value)">
   <BOUNDS height="0" left="8438" top="3115" type="Node" width="0">
   </BOUNDS>
   <PIN pinname="Input 2" slicecount="1" values="2">
   </PIN>
   <PIN pinname="Input" visible="1">
   </PIN>
   <PIN pinname="Output" visible="1">
   </PIN>
   </NODE>
   <LINK dstnodeid="0" dstpinname="Input" hiddenwhenlocked="1" srcnodeid="4" srcpinname="XY">
   </LINK>
   <LINK dstnodeid="3" dstpinname="Radians" hiddenwhenlocked="1" srcnodeid="0" srcpinname="Output">
   </LINK>
   <LINK dstnodeid="51" dstpinname="Count" srcnodeid="10" srcpinname="Y Output Value">
   </LINK>
   <PACK Name="addonpack" Version="35.0.0">
   </PACK>
   <LINK srcnodeid="3" srcpinname="Cycles" dstnodeid="31" dstpinname="Input">
   </LINK>
   <NODE id="13" componentmode="Hidden" hiddenwhenlocked="1" nodename="Add (String)" systemname="Add (String)">
   <BOUNDS type="Node" height="0" left="2325" top="7725" width="0">
   </BOUNDS>
   <PIN pinname="Input 1" visible="1">
   </PIN>
   <PIN pinname="Input 2" slicecount="1" encoded="0" values="|lib\assets\images\halo dot.bmp|">
   </PIN>
   <PIN pinname="Output" visible="1">
   </PIN>
   </NODE>
   <NODE id="15" componentmode="Hidden" hiddenwhenlocked="1" nodename="SystemFolder (File)" systemname="SystemFolder (File)">
   <BOUNDS type="Node" height="0" left="2325" top="7350" width="0">
   </BOUNDS>
   <PIN pinname="Output" visible="1">
   </PIN>
   </NODE>
   <LINK srcnodeid="15" srcpinname="Output" dstnodeid="13" dstpinname="Input 1">
   </LINK>
   <NODE id="21" componentmode="Hidden" nodename="Group (EX9)" systemname="Group (EX9)">
   <PIN pinname="Layer 1" slicecount="1" visible="1" values="||">
   </PIN>
   <PIN pinname="Layer 2" slicecount="1" visible="1" values="||">
   </PIN>
   <BOUNDS type="Node" height="0" left="3660" top="9135" width="0">
   </BOUNDS>
   <PIN pinname="Layer" visible="1">
   </PIN>
   </NODE>
   <NODE id="50" componentmode="Hidden" nodename="RENDERER (EX9)" systemname="Renderer (EX9)">
   <BOUNDS type="Node" height="0" left="3676" top="9613" width="0">
   </BOUNDS>
   <BOUNDS type="Box" height="1800" left="3676" top="9613" width="2400">
   </BOUNDS>
   <BOUNDS type="Window" height="4860" left="11430" top="600" width="6120">
   </BOUNDS>
   <PIN pinname="Layers" visible="1">
   </PIN>
   <PIN pinname="Fullscreen Depthbuffer Format" slicecount="1" values="D16">
   </PIN>
   <PIN pinname="Fullscreen Dimensions" slicecount="1" values="|1024 x 768|">
   </PIN>
   <PIN pinname="Fullscreen Antialiasing Quality Level" slicecount="1" values="NONE">
   </PIN>
   <PIN pinname="Windowed Depthbuffer Format" slicecount="1" values="D16">
   </PIN>
   <PIN pinname="Windowed Antialiasing Quality Level" slicecount="1" values="NONE">
   </PIN>
   <PIN pinname="EX9 Out" visible="1">
   </PIN>
   <PIN pinname="Fullscreen Format" slicecount="1" values="X8R8G8B8">
   </PIN>
   <PIN pinname="Backbuffer Width" visible="1">
   </PIN>
   <PIN pinname="Backbuffer Height" visible="1">
   </PIN>
   <PIN pinname="Windowed Backbuffer Format" slicecount="1" values="X8R8G8B8">
   </PIN>
   <PIN pinname="Background Color" slicecount="1" visible="1" values="|0.10751,0.10751,0.10751,1.00000|">
   </PIN>
   <PIN pinname="Clear Depth Buffer" slicecount="1" values="1">
   </PIN>
   </NODE>
   <LINK srcnodeid="21" srcpinname="Layer" dstnodeid="50" dstpinname="Layers">
   </LINK>
   <NODE id="12" componentmode="Hidden" nodename="Blend (EX9.RenderState)" systemname="Blend (EX9.RenderState)">
   <BOUNDS type="Node" height="0" left="735" top="7605" width="0">
   </BOUNDS>
   <PIN pinname="Render State Out" visible="1">
   </PIN>
   <PIN pinname="Draw Mode" slicecount="1" values="Add">
   </PIN>
   </NODE>
   <NODE id="14" componentmode="Hidden" hiddenwhenlocked="1" nodename="FileTexture (EX9.Texture)" systemname="FileTexture (EX9.Texture)">
   <BOUNDS type="Node" height="0" left="2325" top="8145" width="0">
   </BOUNDS>
   <PIN pinname="Filename" visible="1">
   </PIN>
   <PIN pinname="Texture Out" visible="1">
   </PIN>
   </NODE>
   <LINK srcnodeid="13" srcpinname="Output" dstnodeid="14" dstpinname="Filename">
   </LINK>
   <NODE id="49" componentmode="Hidden" nodename="Quad (DX9)" systemname="Quad (DX9)">
   <BOUNDS type="Node" height="270" left="1410" top="8595" width="3285">
   </BOUNDS>
   <PIN pinname="Transform" visible="1">
   </PIN>
   <PIN pinname="Layer" visible="1">
   </PIN>
   <PIN pinname="Color" visible="1">
   </PIN>
   <PIN pinname="Texture" visible="1">
   </PIN>
   <PIN pinname="Render State" visible="1">
   </PIN>
   </NODE>
   <LINK srcnodeid="14" srcpinname="Texture Out" dstnodeid="49" dstpinname="Texture">
   </LINK>
   <LINK srcnodeid="12" srcpinname="Render State Out" dstnodeid="49" dstpinname="Render State" linkstyle="VHV">
   <LINKPOINT x="795" y="8228">
   </LINKPOINT>
   <LINKPOINT x="1410" y="8228">
   </LINKPOINT>
   </LINK>
   <LINK srcnodeid="49" srcpinname="Layer" dstnodeid="21" dstpinname="Layer 1" linkstyle="VHV">
   <LINKPOINT x="1470" y="9015">
   </LINKPOINT>
   <LINKPOINT x="3645" y="9015">
   </LINKPOINT>
   </LINK>
   <LINK srcnodeid="36" srcpinname="Output" dstnodeid="49" dstpinname="Color">
   </LINK>
   <LINK srcnodeid="47" srcpinname="Transform Out" dstnodeid="49" dstpinname="Transform" linkstyle="VHV">
   <LINKPOINT x="1620" y="7875">
   </LINKPOINT>
   <LINKPOINT x="1905" y="7875">
   </LINKPOINT>
   </LINK>
   <NODE systemname="DX9Texture (EX9.Texture)" nodename="DX9Texture (EX9.Texture)" componentmode="Hidden" id="58">
   <BOUNDS type="Node" left="5016" top="10200" width="100" height="100">
   </BOUNDS>
   <PIN pinname="Source" visible="1">
   </PIN>
   <PIN pinname="Texture Out" visible="1">
   </PIN>
   <PIN pinname="Format" slicecount="1" values="R5G6B5">
   </PIN>
   </NODE>
   <LINK srcnodeid="50" srcpinname="EX9 Out" dstnodeid="58" dstpinname="Source">
   </LINK>
   <NODE nodename="IOBox (Node)" componentmode="InABox" id="59" systemname="IOBox (Node)">
   <BOUNDS type="Box" left="5072" top="10576" width="696" height="208">
   </BOUNDS>
   <BOUNDS type="Node" left="5072" top="10576" width="0" height="0">
   </BOUNDS>
   <PIN pinname="Descriptive Name" slicecount="1" values="|Texture Out|">
   </PIN>
   </NODE>
   <LINK srcnodeid="58" srcpinname="Texture Out" dstnodeid="59" dstpinname="Input Node">
   </LINK>
   <NODE nodename="IOBox (Value Advanced)" componentmode="InABox" id="60" systemname="IOBox (Value Advanced)">
   <BOUNDS type="Box" left="4624" top="9208" width="696" height="208">
   </BOUNDS>
   <BOUNDS type="Node" left="4624" top="9208" width="0" height="0">
   </BOUNDS>
   <PIN pinname="Y Input Value" slicecount="1" visible="1" values="1024">
   </PIN>
   <PIN pinname="Units" slicecount="1" values="px">
   </PIN>
   <PIN pinname="Precision" slicecount="1" values="4">
   </PIN>
   <PIN pinname="Value Type" slicecount="1" values="Integer">
   </PIN>
   <PIN pinname="Y Output Value" visible="1">
   </PIN>
   <PIN pinname="Descriptive Name" slicecount="1" values="|Backbuffer Height - Backbuffer Width|">
   </PIN>
   </NODE>
   <LINK srcnodeid="60" srcpinname="Y Output Value" dstnodeid="50" dstpinname="Backbuffer Width">
   </LINK>
   <LINK srcnodeid="60" srcpinname="Y Output Value" dstnodeid="50" dstpinname="Backbuffer Height">
   </LINK>
   <NODE systemname="SetAlpha (Color)" nodename="SetAlpha (Color)" componentmode="Hidden" id="61">
   <BOUNDS type="Node" left="5104" top="8448" width="100" height="100">
   </BOUNDS>
   <PIN pinname="Output" visible="1">
   </PIN>
   <PIN pinname="Alpha" slicecount="1" values="0.5">
   </PIN>
   </NODE>
   <LINK srcnodeid="61" srcpinname="Output" dstnodeid="50" dstpinname="Background Color">
   </LINK>
   <NODE nodename="IOBox (Value Advanced)" componentmode="InABox" id="62">
   <BOUNDS type="Box" left="5048" top="3608" width="696" height="208">
   </BOUNDS>
   <BOUNDS type="Node" left="5048" top="3608" width="0" height="0">
   </BOUNDS>
   <PIN pinname="Y Input Value" slicecount="1" visible="1" values="0.18">
   </PIN>
   <PIN pinname="Units" slicecount="1" values="s">
   </PIN>
   <PIN pinname="Precision" slicecount="1" values="4">
   </PIN>
   </NODE>
   <LINK srcnodeid="40" srcpinname="XY" dstnodeid="51" dstpinname="Velocity DeviationXY">
   </LINK>
   <PACK Name="dx11" Version="1.0.2">
   </PACK>
   <NODE systemname="IOBox (Value Advanced)" nodename="IOBox (Value Advanced)" componentmode="InABox" id="64">
   <BOUNDS type="Node" left="6416" top="4896" width="100" height="100">
   </BOUNDS>
   <BOUNDS type="Box" left="6416" top="4896" width="480" height="480">
   </BOUNDS>
   <PIN pinname="Value Type" slicecount="1" values="Boolean">
   </PIN>
   <PIN pinname="Behavior" slicecount="1" values="Toggle">
   </PIN>
   <PIN pinname="Y Output Value" visible="1">
   </PIN>
   <PIN pinname="X Input Value" slicecount="1" values="1">
   </PIN>
   <PIN pinname="Y Input Value" slicecount="1" visible="1" values="0">
   </PIN>
   </NODE>
   <LINK srcnodeid="64" srcpinname="Y Output Value" dstnodeid="51" dstpinname="Emit">
   <LINKPOINT x="5364" y="5848">
   </LINKPOINT>
   </LINK>
   <NODE nodename="IOBox (Value Advanced)" componentmode="InABox" id="65">
   <BOUNDS type="Box" left="6544" top="1728" width="480" height="480">
   </BOUNDS>
   <BOUNDS type="Node" left="6544" top="1728" width="0" height="0">
   </BOUNDS>
   <PIN pinname="Y Input Value" slicecount="1" visible="1" values="1">
   </PIN>
   <PIN pinname="Units" slicecount="1" values="||">
   </PIN>
   <PIN pinname="Precision" slicecount="1" values="4">
   </PIN>
   <PIN pinname="Value Type" slicecount="1" values="Boolean">
   </PIN>
   <PIN pinname="Behavior" slicecount="1" values="Toggle">
   </PIN>
   <PIN pinname="X Input Value" slicecount="1" values="1">
   </PIN>
   </NODE>
   <LINK srcnodeid="65" srcpinname="Y Output Value" dstnodeid="31" dstpinname="Set">
   </LINK>
   <NODE systemname="Map (Value)" nodename="Map (Value)" componentmode="Hidden" id="66">
   <BOUNDS type="Node" left="1800" top="3240" width="100" height="100">
   </BOUNDS>
   <PIN pinname="Input" visible="1">
   </PIN>
   <PIN pinname="Source Maximum" slicecount="1" values="1">
   </PIN>
   <PIN pinname="Output" visible="1">
   </PIN>
   <PIN pinname="Destination Maximum" slicecount="1" values="10">
   </PIN>
   <PIN pinname="Destination Minimum" slicecount="1" values="0">
   </PIN>
   <PIN pinname="Mapping" slicecount="1" values="Clamp">
   </PIN>
   </NODE>
   <NODE systemname="EQ (Value)" nodename="EQ (Value)" componentmode="Hidden" id="67">
   <BOUNDS type="Node" left="976" top="3448" width="100" height="100">
   </BOUNDS>
   <PIN pinname="Input 1" visible="1">
   </PIN>
   <PIN pinname="Inverse Output" visible="1">
   </PIN>
   </NODE>
   <LINK srcnodeid="39" srcpinname="Y Output Value" dstnodeid="67" dstpinname="Input 1">
   </LINK>
   <NODE systemname="LFO (Animation)" nodename="LFO (Animation)" componentmode="Hidden" id="68">
   <BOUNDS type="Node" left="728" top="1080" width="100" height="100">
   </BOUNDS>
   <PIN pinname="Output" visible="1">
   </PIN>
   <PIN pinname="Period" slicecount="1" values="20">
   </PIN>
   </NODE>
   <NODE systemname="WaveShaper (Value)" nodename="WaveShaper (Value)" componentmode="Hidden" id="70">
   <BOUNDS type="Node" left="1912" top="1280" width="100" height="100">
   </BOUNDS>
   <PIN pinname="Input" visible="1">
   </PIN>
   <PIN pinname="Output" visible="1">
   </PIN>
   </NODE>
   <LINK srcnodeid="68" srcpinname="Output" dstnodeid="70" dstpinname="Input">
   </LINK>
   <NODE componentmode="Hidden" id="72" nodename="LFO (Animation)" systemname="LFO (Animation)">
   <BOUNDS height="0" left="5775" top="4290" type="Node" width="0">
   </BOUNDS>
   </NODE>
   <LINK srcnodeid="62" srcpinname="Y Output Value" dstnodeid="72" dstpinname="Period">
   </LINK>
   <LINK srcnodeid="72" srcpinname="Change" dstnodeid="64" dstpinname="Y Input Value">
   </LINK>
   <NODE systemname="Map (Value)" nodename="Map (Value)" componentmode="Hidden" id="74">
   <BOUNDS type="Node" left="2880" top="4544" width="100" height="100">
   </BOUNDS>
   <PIN pinname="Input" visible="1">
   </PIN>
   <PIN pinname="Destination Minimum" visible="1" slicecount="1" values="0.01">
   </PIN>
   <PIN pinname="Output" visible="1">
   </PIN>
   <PIN pinname="Destination Maximum" slicecount="1" visible="1" values="0.08">
   </PIN>
   </NODE>
   <LINK srcnodeid="39" srcpinname="Y Output Value" dstnodeid="74" dstpinname="Input">
   </LINK>
   <NODE nodename="IOBox (Value Advanced)" componentmode="InABox" id="75">
   <BOUNDS type="Box" left="3464" top="4104" width="696" height="208">
   </BOUNDS>
   <BOUNDS type="Node" left="3464" top="4104" width="0" height="0">
   </BOUNDS>
   <PIN pinname="Y Input Value" slicecount="1" visible="1" values="0.06">
   </PIN>
   <PIN pinname="Units" slicecount="1" values="||">
   </PIN>
   <PIN pinname="Precision" slicecount="1" values="4">
   </PIN>
   <PIN pinname="Y Output Value" visible="1">
   </PIN>
   </NODE>
   <LINK srcnodeid="75" srcpinname="Y Output Value" dstnodeid="74" dstpinname="Destination Maximum">
   </LINK>
   <NODE systemname="Damper (Animation)" filename="" nodename="Damper (Animation)" componentmode="Hidden" id="76">
   <BOUNDS type="Node" left="2872" top="5072" width="100" height="100">
   </BOUNDS>
   <PIN pinname="Go To Position" visible="1">
   </PIN>
   <PIN pinname="Position Out" visible="1">
   </PIN>
   <PIN pinname="FilterTime" slicecount="1" values="0.2">
   </PIN>
   </NODE>
   <LINK srcnodeid="74" srcpinname="Output" dstnodeid="76" dstpinname="Go To Position">
   </LINK>
   <LINK srcnodeid="76" srcpinname="Position Out" dstnodeid="51" dstpinname="Age Time Step">
   </LINK>
   <NODE id="73" systemname="ADSR (Animation)" nodename="ADSR (Animation)" componentmode="Hidden" hiddenwhenlocked="0" managers="">
   <PIN pinname="Output" visible="1" pintype="Output">
   </PIN>
   <PIN pinname="Attack Time" slicecount="1" pintype="Input" visible="1" values="0.2">
   </PIN>
   <BOUNDS type="Node" left="1824" top="2888" width="100" height="100">
   </BOUNDS>
   <PIN pinname="Input" visible="1" pintype="Input" slicecount="1" values="0">
   </PIN>
   <PIN pinname="Descriptive Name" pintype="Configuration" slicecount="1" values="||">
   </PIN>
   <PIN pinname="Tag" pintype="Configuration" slicecount="1" values="||">
   </PIN>
   <PIN pinname="Decay Time" pintype="Input" visible="1" slicecount="1" values="0">
   </PIN>
   <PIN pinname="Sustain Level" pintype="Input" visible="1" slicecount="1" values="1">
   </PIN>
   <PIN pinname="Release Time" pintype="Input" visible="1" slicecount="1" values="1">
   </PIN>
   <PIN pinname="ID" pintype="Output" visible="-1">
   </PIN>
   </NODE>
   <LINK srcnodeid="39" srcpinname="Y Output Value" dstnodeid="73" dstpinname="Input">
   </LINK>
   <NODE systemname="Damper (Animation)" nodename="Damper (Animation)" componentmode="Hidden" id="77">
   <BOUNDS type="Node" left="1800" top="3712" width="100" height="100">
   </BOUNDS>
   <PIN pinname="Go To Position" visible="1">
   </PIN>
   <PIN pinname="Position Out" visible="1">
   </PIN>
   <PIN pinname="FilterTime" slicecount="1" values="0.3">
   </PIN>
   </NODE>
   <LINK srcnodeid="66" srcpinname="Output" dstnodeid="77" dstpinname="Go To Position">
   </LINK>
   <LINK srcnodeid="73" srcpinname="Output" dstnodeid="66" dstpinname="Input">
   </LINK>
   <LINK srcnodeid="66" srcpinname="Output" dstnodeid="37" dstpinname="Spread Count">
   </LINK>
   </PATCH>