<!DOCTYPE PATCH  SYSTEM "http://vvvv.org/versions/vvvv45beta31.dtd" >
   <PATCH nodename="C:\Users\David\Desktop\OSCdevices\VVVV.OSCdevices\_Root_OSCdevices.v4p" systemname="_Root_OSCdevices" filename="C:\Users\David\Desktop\OSCdevices\VVVV.OSCdevices\_Root_OSCdevices.v4p">
   <BOUNDS type="Window" left="14025" top="4875" width="8640" height="6240">
   </BOUNDS>
   <NODE systemname="OSC_Out (m4l send)" filename="OSC_Out (m4l send).v4p" nodename="OSC_Out (m4l send).v4p" componentmode="Hidden" id="10">
   <BOUNDS type="Node" left="330" top="5010" width="100" height="100">
   </BOUNDS>
   <PIN pinname="Address" slicecount="1" values="/OSCin">
   </PIN>
   <PIN pinname="Input 1" visible="1" slicecount="1" values="0.887327953041677">
   </PIN>
   <PIN pinname="Input 8" slicecount="1" values="0">
   </PIN>
   <PIN pinname="Input 3" slicecount="1" visible="1" values="0.28">
   </PIN>
   <PIN pinname="Input 2" visible="1">
   </PIN>
   <PIN pinname="Input 5" visible="1" slicecount="1" values="0">
   </PIN>
   <PIN pinname="Remote Port" slicecount="1" values="9000">
   </PIN>
   <BOUNDS type="Box" left="330" top="5010">
   </BOUNDS>
   </NODE>
   <NODE systemname="OSC_ClipIn (m4l receive)" filename="OSC_ClipIn (m4l receive).v4p" nodename="OSC_ClipIn (m4l receive).v4p" componentmode="Hidden" id="12">
   <BOUNDS type="Node" left="420" top="1065" width="100" height="100">
   </BOUNDS>
   <BOUNDS type="Window" left="3510" top="5745" width="4740" height="6870">
   </BOUNDS>
   <PIN pinname="prefix" slicecount="1" values="/OSCclipout">
   </PIN>
   <PIN pinname="Port" slicecount="1" values="7000">
   </PIN>
   <PIN pinname="Clip Slot" visible="1">
   </PIN>
   <BOUNDS type="Box" left="420" top="1065">
   </BOUNDS>
   </NODE>
   <NODE nodename="IOBox (String)" componentmode="InABox" id="22" systemname="IOBox (String)">
   <BOUNDS type="Node" left="375" top="90" width="6450" height="270">
   </BOUNDS>
   <BOUNDS type="Box" left="375" top="90" width="6825" height="615">
   </BOUNDS>
   <PIN pinname="Input String" visible="0" slicecount="1" values="|Handy OSC devices for VVVV-m4l-Ableton production / installation workflow. Modules are related to the Max4Live devices OSC_In, OSC_ClipOut, OSC_MidiIn and OSC_TransportOut|">
   </PIN>
   <PIN pinname="Output String" visible="0">
   </PIN>
   <PIN pinname="Show Grid" slicecount="1" values="1">
   </PIN>
   <PIN pinname="String Type" slicecount="1" values="MultiLine">
   </PIN>
   </NODE>
   <NODE nodename="IOBox (String)" componentmode="InABox" id="26" systemname="IOBox (String)">
   <BOUNDS type="Node" left="5610" top="1335" width="6450" height="270">
   </BOUNDS>
   <BOUNDS type="Box" left="5610" top="1335" width="2370" height="2130">
   </BOUNDS>
   <PIN pinname="Input String" visible="0" slicecount="1" values="|You receive the position / length and slot of the playing clip in the selected track and you send values in another device that can modulate all parameters in a track.&cr;&lf;You also get the Ableton Live transport and you can send midi over IP.&cr;&lf;|">
   </PIN>
   <PIN pinname="Output String" visible="0">
   </PIN>
   <PIN pinname="Show Grid" slicecount="1" values="1">
   </PIN>
   <PIN pinname="String Type" slicecount="1" values="MultiLine">
   </PIN>
   </NODE>
   <NODE nodename="IOBox (String)" componentmode="InABox" id="27" systemname="IOBox (String)">
   <BOUNDS type="Node" left="5625" top="780" width="6450" height="270">
   </BOUNDS>
   <BOUNDS type="Box" left="5625" top="780" width="1680" height="570">
   </BOUNDS>
   <PIN pinname="Input String" visible="0" slicecount="1" values="|by tekcor&cr;&lf;symbioticcube.com|">
   </PIN>
   <PIN pinname="Output String" visible="0">
   </PIN>
   <PIN pinname="Show Grid" slicecount="1" values="1">
   </PIN>
   <PIN pinname="String Type" slicecount="1" values="MultiLine">
   </PIN>
   </NODE>
   <NODE systemname="OSC_TransportIn (m4l receive)" filename="OSC_TransportIn (m4l receive).v4p" nodename="OSC_TransportIn (m4l receive)" componentmode="Hidden" id="28">
   <BOUNDS type="Node" left="3120" top="1065" width="100" height="100">
   </BOUNDS>
   <PIN pinname="Suffix" slicecount="1" values="/TransportOut">
   </PIN>
   <PIN pinname="Local Port" visible="1" slicecount="1" values="9013">
   </PIN>
   <PIN pinname="1/16 Bang" visible="1">
   </PIN>
   <PIN pinname="1/8 Bang" visible="1">
   </PIN>
   <PIN pinname="1/4 Bang" visible="1">
   </PIN>
   <PIN pinname="1/1 Bang" visible="1">
   </PIN>
   <PIN pinname="1/2 Bang" visible="1">
   </PIN>
   <PIN pinname="hundrets" visible="1">
   </PIN>
   <BOUNDS type="Box" left="3120" top="1065">
   </BOUNDS>
   </NODE>
   <NODE nodename="IOBox (Value Advanced)" componentmode="InABox" id="34" systemname="IOBox (Value Advanced)">
   <BOUNDS type="Box" left="3330" top="1935" width="795" height="240">
   </BOUNDS>
   <BOUNDS type="Node" left="3330" top="1935" width="0" height="0">
   </BOUNDS>
   <PIN pinname="Units" slicecount="1" values="||">
   </PIN>
   <PIN pinname="Precision" slicecount="1" values="4">
   </PIN>
   <PIN pinname="Y Output Value" visible="1">
   </PIN>
   </NODE>
   <LINK srcnodeid="28" srcpinname="Beat" dstnodeid="34" dstpinname="Y Input Value">
   </LINK>
   <NODE systemname="I (Spreads)" nodename="I (Spreads)" componentmode="Hidden" id="37">
   <BOUNDS type="Node" left="3060" top="3645" width="100" height="100">
   </BOUNDS>
   <PIN pinname="Output" visible="1">
   </PIN>
   <PIN pinname=".. To [" slicecount="1" values="68">
   </PIN>
   <PIN pinname="[ From .." slicecount="1" values="57">
   </PIN>
   </NODE>
   <NODE systemname="GetSlice (Spreads)" nodename="GetSlice (Spreads)" componentmode="Hidden" id="38">
   <BOUNDS type="Node" left="3060" top="4230" width="100" height="100">
   </BOUNDS>
   <PIN pinname="Input" visible="1">
   </PIN>
   <PIN pinname="Index" visible="1">
   </PIN>
   <PIN pinname="Output" visible="1">
   </PIN>
   </NODE>
   <LINK srcnodeid="37" srcpinname="Output" dstnodeid="38" dstpinname="Input">
   </LINK>
   <NODE systemname="Change (Animation)" nodename="Change (Animation)" componentmode="Hidden" id="42">
   <BOUNDS type="Node" left="3270" top="4590" width="100" height="100">
   </BOUNDS>
   <PIN pinname="Input" visible="1">
   </PIN>
   <PIN pinname="OnChange" visible="1">
   </PIN>
   </NODE>
   <LINK srcnodeid="38" srcpinname="Output" dstnodeid="42" dstpinname="Input">
   </LINK>
   <NODE systemname="I (Spreads)" nodename="I (Spreads)" componentmode="Hidden" id="46">
   <BOUNDS type="Node" left="4650" top="3630" width="100" height="100">
   </BOUNDS>
   <PIN pinname="Output" visible="1">
   </PIN>
   <PIN pinname=".. To [" slicecount="1" values="68">
   </PIN>
   <PIN pinname="[ From .." slicecount="1" values="57">
   </PIN>
   </NODE>
   <NODE systemname="GetSlice (Spreads)" nodename="GetSlice (Spreads)" componentmode="Hidden" id="45">
   <BOUNDS type="Node" left="4650" top="4215" width="100" height="100">
   </BOUNDS>
   <PIN pinname="Input" visible="1">
   </PIN>
   <PIN pinname="Index" visible="1" slicecount="1" values="0">
   </PIN>
   <PIN pinname="Output" visible="1">
   </PIN>
   </NODE>
   <LINK srcnodeid="46" srcpinname="Output" dstnodeid="45" dstpinname="Input">
   </LINK>
   <NODE systemname="Change (Animation)" nodename="Change (Animation)" componentmode="Hidden" id="44">
   <BOUNDS type="Node" left="4860" top="4605" width="100" height="100">
   </BOUNDS>
   <PIN pinname="Input" visible="1">
   </PIN>
   <PIN pinname="OnChange" visible="1">
   </PIN>
   </NODE>
   <LINK srcnodeid="45" srcpinname="Output" dstnodeid="44" dstpinname="Input">
   </LINK>
   <NODE systemname="Switch (Value Input)" nodename="Switch (Value Input)" componentmode="Hidden" id="48">
   <BOUNDS type="Node" left="3675" top="2550" width="100" height="100">
   </BOUNDS>
   <PIN pinname="Input 1" visible="1">
   </PIN>
   <PIN pinname="Output" visible="1">
   </PIN>
   <PIN pinname="Input 2" visible="1">
   </PIN>
   <PIN pinname="Switch" visible="1">
   </PIN>
   </NODE>
   <LINK srcnodeid="48" srcpinname="Output" dstnodeid="38" dstpinname="Index">
   </LINK>
   <LINK srcnodeid="28" srcpinname="1/4 Bang" dstnodeid="48" dstpinname="Input 2">
   </LINK>
   <LINK srcnodeid="28" srcpinname="1/2 Bang" dstnodeid="48" dstpinname="Input 1">
   </LINK>
   <NODE systemname="Divide (Value)" nodename="Divide (Value)" componentmode="Hidden" id="49">
   <BOUNDS type="Node" left="1395" top="2850" width="100" height="100">
   </BOUNDS>
   <PIN pinname="Input 2" slicecount="1" values="1000">
   </PIN>
   <PIN pinname="Input" visible="1">
   </PIN>
   <PIN pinname="Output" visible="1">
   </PIN>
   </NODE>
   <LINK srcnodeid="28" srcpinname="hundrets" dstnodeid="49" dstpinname="Input">
   </LINK>
   <NODE systemname="Switch (Value Input)" nodename="Switch (Value Input)" componentmode="Hidden" id="50">
   <BOUNDS type="Node" left="4470" top="2565" width="100" height="100">
   </BOUNDS>
   <PIN pinname="Input 1" visible="1" slicecount="1" values="0">
   </PIN>
   <PIN pinname="Output" visible="1">
   </PIN>
   <PIN pinname="Input 2" visible="1" slicecount="1" values="0">
   </PIN>
   <PIN pinname="Switch" visible="1" slicecount="1" values="0">
   </PIN>
   <PIN pinname="Input Count" slicecount="1" values="3">
   </PIN>
   <PIN pinname="Input 3" visible="1">
   </PIN>
   </NODE>
   <LINK srcnodeid="28" srcpinname="1/2 Bang" dstnodeid="50" dstpinname="Input 3">
   </LINK>
   <LINK srcnodeid="50" srcpinname="Output" dstnodeid="45" dstpinname="Index">
   </LINK>
   <LINK srcnodeid="28" srcpinname="1/1 Bang" dstnodeid="50" dstpinname="Input 1">
   </LINK>
   <LINK srcnodeid="28" srcpinname="1/1 Bang" dstnodeid="50" dstpinname="Input 2">
   </LINK>
   <NODE systemname="Add (Value)" nodename="Add (Value)" componentmode="Hidden" id="51">
   <BOUNDS type="Node" left="1110" top="3525" width="100" height="100">
   </BOUNDS>
   <PIN pinname="Input 1" visible="1">
   </PIN>
   <PIN pinname="Input 2" visible="1">
   </PIN>
   <PIN pinname="Output" visible="1">
   </PIN>
   </NODE>
   <LINK srcnodeid="49" srcpinname="Output" dstnodeid="51" dstpinname="Input 2">
   </LINK>
   <NODE systemname="Subtract (Value)" nodename="Subtract (Value)" componentmode="Hidden" id="52">
   <BOUNDS type="Node" left="1110" top="2535" width="100" height="100">
   </BOUNDS>
   <PIN pinname="Input 2" slicecount="1" values="1">
   </PIN>
   <PIN pinname="Input 1" visible="1">
   </PIN>
   <PIN pinname="Output" visible="1">
   </PIN>
   </NODE>
   <LINK srcnodeid="34" srcpinname="Y Output Value" dstnodeid="52" dstpinname="Input 1">
   </LINK>
   <LINK srcnodeid="52" srcpinname="Output" dstnodeid="51" dstpinname="Input 1">
   </LINK>
   <NODE systemname="Map (Value)" nodename="Map (Value)" componentmode="Hidden" id="53">
   <BOUNDS type="Node" left="1125" top="4050" width="100" height="100">
   </BOUNDS>
   <PIN pinname="Input" visible="1">
   </PIN>
   <PIN pinname="Source Maximum" slicecount="1" values="4">
   </PIN>
   <PIN pinname="Output" visible="1">
   </PIN>
   </NODE>
   <LINK srcnodeid="51" srcpinname="Output" dstnodeid="53" dstpinname="Input">
   </LINK>
   <LINK srcnodeid="53" srcpinname="Output" dstnodeid="10" dstpinname="Input 1">
   </LINK>
   <LINK srcnodeid="53" srcpinname="Output" dstnodeid="10" dstpinname="Input 2">
   </LINK>
   <LINK srcnodeid="53" srcpinname="Output" dstnodeid="10" dstpinname="Input 3">
   </LINK>
   <LINK srcnodeid="12" srcpinname="Clip Slot" dstnodeid="48" dstpinname="Switch">
   </LINK>
   <LINK srcnodeid="12" srcpinname="Clip Slot" dstnodeid="50" dstpinname="Switch" linkstyle="PolyLine">
   </LINK>
   <NODE systemname="OSC_MidiOut (m4l)" filename="OSC_MidiOut (m4l).v4p" nodename="OSC_MidiOut (m4l)" componentmode="Hidden" id="47">
   <BOUNDS type="Node" left="4080" top="5025" width="100" height="100">
   </BOUNDS>
   <PIN pinname="Address" slicecount="1" values="/MidiIn">
   </PIN>
   <PIN pinname="Velocity" visible="1">
   </PIN>
   <PIN pinname="Pitch" visible="1">
   </PIN>
   <PIN pinname="Duration" slicecount="1" values="1">
   </PIN>
   <PIN pinname="Remote Port" slicecount="1" values="9011">
   </PIN>
   <BOUNDS type="Box" left="4080" top="5025">
   </BOUNDS>
   </NODE>
   <LINK srcnodeid="45" srcpinname="Output" dstnodeid="47" dstpinname="Pitch">
   </LINK>
   <LINK srcnodeid="44" srcpinname="OnChange" dstnodeid="47" dstpinname="Velocity">
   </LINK>
   <NODE systemname="OSC_MidiOut (m4l)" filename="OSC_MidiOut (m4l).v4p" nodename="OSC_MidiOut (m4l)" componentmode="Hidden" id="29">
   <BOUNDS type="Node" left="2490" top="5010" width="100" height="100">
   </BOUNDS>
   <PIN pinname="Address" slicecount="1" values="/MidiIn">
   </PIN>
   <PIN pinname="Velocity" visible="1">
   </PIN>
   <PIN pinname="Pitch" visible="1">
   </PIN>
   <PIN pinname="Duration" slicecount="1" values="1">
   </PIN>
   <PIN pinname="Remote Port" slicecount="1" values="9012">
   </PIN>
   <BOUNDS type="Box" left="2490" top="5010">
   </BOUNDS>
   </NODE>
   <LINK srcnodeid="38" srcpinname="Output" dstnodeid="29" dstpinname="Pitch">
   </LINK>
   <LINK srcnodeid="42" srcpinname="OnChange" dstnodeid="29" dstpinname="Velocity">
   </LINK>
   <NODE nodename="IOBox (Value Advanced)" componentmode="InABox" id="54" systemname="IOBox (Value Advanced)">
   <BOUNDS type="Box" left="3810" top="4290" width="795" height="240">
   </BOUNDS>
   <BOUNDS type="Node" left="3810" top="4290" width="0" height="0">
   </BOUNDS>
   <PIN pinname="Y Input Value" slicecount="1" values="9011">
   </PIN>
   <PIN pinname="Units" slicecount="1" values="||">
   </PIN>
   <PIN pinname="Precision" slicecount="1" values="4">
   </PIN>
   <PIN pinname="Value Type" slicecount="1" values="Integer">
   </PIN>
   <PIN pinname="Descriptive Name" slicecount="1" values="|Remote Port|">
   </PIN>
   </NODE>
   <LINK srcnodeid="54" srcpinname="Y Output Value" dstnodeid="47" dstpinname="Remote Port">
   </LINK>
   <NODE nodename="IOBox (Value Advanced)" componentmode="InABox" id="55" systemname="IOBox (Value Advanced)">
   <BOUNDS type="Box" left="2160" top="4320" width="795" height="240">
   </BOUNDS>
   <BOUNDS type="Node" left="2160" top="4320" width="0" height="0">
   </BOUNDS>
   <PIN pinname="Y Input Value" slicecount="1" values="9012">
   </PIN>
   <PIN pinname="Units" slicecount="1" values="||">
   </PIN>
   <PIN pinname="Precision" slicecount="1" values="4">
   </PIN>
   <PIN pinname="Value Type" slicecount="1" values="Integer">
   </PIN>
   <PIN pinname="Descriptive Name" slicecount="1" values="|Remote Port|">
   </PIN>
   </NODE>
   <LINK srcnodeid="55" srcpinname="Y Output Value" dstnodeid="29" dstpinname="Remote Port">
   </LINK>
   <NODE nodename="IOBox (String)" componentmode="InABox" id="56" systemname="IOBox (String)">
   <BOUNDS type="Node" left="5610" top="3555" width="6450" height="270">
   </BOUNDS>
   <BOUNDS type="Box" left="5610" top="3555" width="2340" height="1035">
   </BOUNDS>
   <PIN pinname="Input String" visible="0" slicecount="1" values="|Just care about the ports. Each module / m4l device combination needs to have the same, unique port&cr;&lf;.|">
   </PIN>
   <PIN pinname="Output String" visible="0">
   </PIN>
   <PIN pinname="Show Grid" slicecount="1" values="1">
   </PIN>
   <PIN pinname="String Type" slicecount="1" values="MultiLine">
   </PIN>
   </NODE>
   </PATCH>